number,name,imageUrl,rarity,attr_country,attr_team_code,attr_group,attr_type,attr_set,attr_year
00,Panini Logo,,,,FWC,,Special,Official Sticker Collection,2026
FWC 1,Official Emblem 1/2,,,,FWC,,Special,Official Sticker Collection,2026
FWC 2,Official Emblem 2/2,,,,FWC,,Special,Official Sticker Collection,2026
FWC 3,Official Mascots,,,,FWC,,Special,Official Sticker Collection,2026
FWC 4,Official Slogan,,,,FWC,,Special,Official Sticker Collection,2026
FWC 5,Official Ball,,,,FWC,,Special,Official Sticker Collection,2026
FWC 6,Canada,,,,FWC,,Special,Official Sticker Collection,2026
FWC 7,Mexico,,,,FWC,,Special,Official Sticker Collection,2026
FWC 8,USA,,,,FWC,,Special,Official Sticker Collection,2026
MEX 1,Emblem,,,Mexico,MEX,A,Emblem,Official Sticker Collection,2026
MEX 2,Luis Malagón,,,Mexico,MEX,A,Player,Official Sticker Collection,2026
MEX 3,Johan Vasquez,,,Mexico,MEX,A,Player,Official Sticker Collection,2026
MEX 4,Jorge Sánchez,,,Mexico,MEX,A,Player,Official Sticker Collection,2026
MEX 5,Cesar Montes,,,Mexico,MEX,A,Player,Official Sticker Collection,2026
MEX 6,Jesus Gallardo,,,Mexico,MEX,A,Player,Official Sticker Collection,2026
MEX 7,Israel Reyes,,,Mexico,MEX,A,Player,Official Sticker Collection,2026
MEX 8,Diego Lainez,,,Mexico,MEX,A,Player,Official Sticker Collection,2026
MEX 9,Carlos Rodriguez,,,Mexico,MEX,A,Player,Official Sticker Collection,2026
MEX 10,Edson Alvarez,,,Mexico,MEX,A,Player,Official Sticker Collection,2026
MEX 11,Orbelin Pineda,,,Mexico,MEX,A,Player,Official Sticker Collection,2026
MEX 12,Marcel Ruiz,,,Mexico,MEX,A,Player,Official Sticker Collection,2026
MEX 13,Team Photo,,,Mexico,MEX,A,Team Photo,Official Sticker Collection,2026
MEX 14,Érick Sánchez,,,Mexico,MEX,A,Player,Official Sticker Collection,2026
MEX 15,Hirving Lozano,,,Mexico,MEX,A,Player,Official Sticker Collection,2026
MEX 16,Santiago Giménez,,,Mexico,MEX,A,Player,Official Sticker Collection,2026
MEX 17,Raúl Jiménez,,,Mexico,MEX,A,Player,Official Sticker Collection,2026
MEX 18,Alexis Vega,,,Mexico,MEX,A,Player,Official Sticker Collection,2026
MEX 19,Roberto Alvarado,,,Mexico,MEX,A,Player,Official Sticker Collection,2026
MEX 20,Cesar Huerta,,,Mexico,MEX,A,Player,Official Sticker Collection,2026
RSA 1,Emblem,,,South Africa,RSA,A,Emblem,Official Sticker Collection,2026
RSA 2,Ronwen Williams,,,South Africa,RSA,A,Player,Official Sticker Collection,2026
RSA 3,Sipho Chaine,,,South Africa,RSA,A,Player,Official Sticker Collection,2026
RSA 4,Aubrey Modiba,,,South Africa,RSA,A,Player,Official Sticker Collection,2026
RSA 5,Samukele Kabini,,,South Africa,RSA,A,Player,Official Sticker Collection,2026
RSA 6,Mbekezeli Mbokazi,,,South Africa,RSA,A,Player,Official Sticker Collection,2026
RSA 7,Khulumani Ndamane,,,South Africa,RSA,A,Player,Official Sticker Collection,2026
RSA 8,Siyabonga Ngezana,,,South Africa,RSA,A,Player,Official Sticker Collection,2026
RSA 9,Khuliso Mudau,,,South Africa,RSA,A,Player,Official Sticker Collection,2026
RSA 10,Nkosinathi Sibisi,,,South Africa,RSA,A,Player,Official Sticker Collection,2026
RSA 11,Teboho Mokoena,,,South Africa,RSA,A,Player,Official Sticker Collection,2026
RSA 12,Thalente Mbatha,,,South Africa,RSA,A,Player,Official Sticker Collection,2026
RSA 13,Team Photo,,,South Africa,RSA,A,Team Photo,Official Sticker Collection,2026
RSA 14,Bathusi Aubaas,,,South Africa,RSA,A,Player,Official Sticker Collection,2026
RSA 15,Yaya Sithole,,,South Africa,RSA,A,Player,Official Sticker Collection,2026
RSA 16,Sipho Mbule,,,South Africa,RSA,A,Player,Official Sticker Collection,2026
RSA 17,Lyle Foster,,,South Africa,RSA,A,Player,Official Sticker Collection,2026
RSA 18,Iqraam Rayners,,,South Africa,RSA,A,Player,Official Sticker Collection,2026
RSA 19,Mohau Nkota,,,South Africa,RSA,A,Player,Official Sticker Collection,2026
RSA 20,Oswin Appollis,,,South Africa,RSA,A,Player,Official Sticker Collection,2026
KOR 1,Emblem,,,Korea Republic,KOR,A,Emblem,Official Sticker Collection,2026
KOR 2,Hyeon-woo Jo,,,Korea Republic,KOR,A,Player,Official Sticker Collection,2026
KOR 3,Seung-Gyu Kim,,,Korea Republic,KOR,A,Player,Official Sticker Collection,2026
KOR 4,Min-jae Kim,,,Korea Republic,KOR,A,Player,Official Sticker Collection,2026
KOR 5,Yu-min Cho,,,Korea Republic,KOR,A,Player,Official Sticker Collection,2026
KOR 6,Young-woo Seol,,,Korea Republic,KOR,A,Player,Official Sticker Collection,2026
KOR 7,Han-beom Lee,,,Korea Republic,KOR,A,Player,Official Sticker Collection,2026
KOR 8,Tae-seok Lee,,,Korea Republic,KOR,A,Player,Official Sticker Collection,2026
KOR 9,Myung-jae Lee,,,Korea Republic,KOR,A,Player,Official Sticker Collection,2026
KOR 10,Jae-sung Lee,,,Korea Republic,KOR,A,Player,Official Sticker Collection,2026
KOR 11,In-beom Hwang,,,Korea Republic,KOR,A,Player,Official Sticker Collection,2026
KOR 12,Kang-in Lee,,,Korea Republic,KOR,A,Player,Official Sticker Collection,2026
KOR 13,Team Photo,,,Korea Republic,KOR,A,Team Photo,Official Sticker Collection,2026
KOR 14,Seung-ho Paik,,,Korea Republic,KOR,A,Player,Official Sticker Collection,2026
KOR 15,Jens Castrop,,,Korea Republic,KOR,A,Player,Official Sticker Collection,2026
KOR 16,Dongg-yeong Lee,,,Korea Republic,KOR,A,Player,Official Sticker Collection,2026
KOR 17,Gue-sung Cho,,,Korea Republic,KOR,A,Player,Official Sticker Collection,2026
KOR 18,Heung-min Son,,,Korea Republic,KOR,A,Player,Official Sticker Collection,2026
KOR 19,Hee-chan Hwang,,,Korea Republic,KOR,A,Player,Official Sticker Collection,2026
KOR 20,Hyeon-Gyu Oh,,,Korea Republic,KOR,A,Player,Official Sticker Collection,2026
CZE 1,Emblem,,,Czechia,CZE,A,Emblem,Official Sticker Collection,2026
CZE 2,Matej Kovar,,,Czechia,CZE,A,Player,Official Sticker Collection,2026
CZE 3,Jindrich Stanek,,,Czechia,CZE,A,Player,Official Sticker Collection,2026
CZE 4,Ladislav Krejci,,,Czechia,CZE,A,Player,Official Sticker Collection,2026
CZE 5,Vladimir Coufal,,,Czechia,CZE,A,Player,Official Sticker Collection,2026
CZE 6,Jaroslav Zeleny,,,Czechia,CZE,A,Player,Official Sticker Collection,2026
CZE 7,Tomas Holes,,,Czechia,CZE,A,Player,Official Sticker Collection,2026
CZE 8,David Zima,,,Czechia,CZE,A,Player,Official Sticker Collection,2026
CZE 9,Michal Sadilek,,,Czechia,CZE,A,Player,Official Sticker Collection,2026
CZE 10,Lukas Provod,,,Czechia,CZE,A,Player,Official Sticker Collection,2026
CZE 11,Lukas Cerv,,,Czechia,CZE,A,Player,Official Sticker Collection,2026
CZE 12,Tomas Soucek,,,Czechia,CZE,A,Player,Official Sticker Collection,2026
CZE 13,Team Photo,,,Czechia,CZE,A,Team Photo,Official Sticker Collection,2026
CZE 14,Pavel Sulc,,,Czechia,CZE,A,Player,Official Sticker Collection,2026
CZE 15,Matej Vydra,,,Czechia,CZE,A,Player,Official Sticker Collection,2026
CZE 16,Vasil Kusej,,,Czechia,CZE,A,Player,Official Sticker Collection,2026
CZE 17,Tomas Chory,,,Czechia,CZE,A,Player,Official Sticker Collection,2026
CZE 18,Vaclav Cerny,,,Czechia,CZE,A,Player,Official Sticker Collection,2026
CZE 19,Adam Hlozek,,,Czechia,CZE,A,Player,Official Sticker Collection,2026
CZE 20,Patrik Schick,,,Czechia,CZE,A,Player,Official Sticker Collection,2026
CAN 1,Emblem,,,Canada,CAN,B,Emblem,Official Sticker Collection,2026
CAN 2,Dayne St.Clair,,,Canada,CAN,B,Player,Official Sticker Collection,2026
CAN 3,Alphonso Davies,,,Canada,CAN,B,Player,Official Sticker Collection,2026
CAN 4,Alistair Johnston,,,Canada,CAN,B,Player,Official Sticker Collection,2026
CAN 5,Samuel Adekugbe,,,Canada,CAN,B,Player,Official Sticker Collection,2026
CAN 6,Richie Laryea,,,Canada,CAN,B,Player,Official Sticker Collection,2026
CAN 7,Derek Cornelius,,,Canada,CAN,B,Player,Official Sticker Collection,2026
CAN 8,Moïse Bombito,,,Canada,CAN,B,Player,Official Sticker Collection,2026
CAN 9,Kamal Miller,,,Canada,CAN,B,Player,Official Sticker Collection,2026
CAN 10,Stephen Eustáquio,,,Canada,CAN,B,Player,Official Sticker Collection,2026
CAN 11,Ismaël Koné,,,Canada,CAN,B,Player,Official Sticker Collection,2026
CAN 12,Jonathan Osorio,,,Canada,CAN,B,Player,Official Sticker Collection,2026
CAN 13,Team Photo,,,Canada,CAN,B,Team Photo,Official Sticker Collection,2026
CAN 14,Jacob Shaffelburg,,,Canada,CAN,B,Player,Official Sticker Collection,2026
CAN 15,Mathieu Choinière,,,Canada,CAN,B,Player,Official Sticker Collection,2026
CAN 16,Niko Sigur,,,Canada,CAN,B,Player,Official Sticker Collection,2026
CAN 17,Tajon Buchanan,,,Canada,CAN,B,Player,Official Sticker Collection,2026
CAN 18,Liam Millar,,,Canada,CAN,B,Player,Official Sticker Collection,2026
CAN 19,Cyle Larin,,,Canada,CAN,B,Player,Official Sticker Collection,2026
CAN 20,Jonathan David,,,Canada,CAN,B,Player,Official Sticker Collection,2026
BIH 1,Emblem,,,Bosnia and Herzegovina,BIH,B,Emblem,Official Sticker Collection,2026
BIH 2,Nikola Vasilj,,,Bosnia and Herzegovina,BIH,B,Player,Official Sticker Collection,2026
BIH 3,Amer Dedic,,,Bosnia and Herzegovina,BIH,B,Player,Official Sticker Collection,2026
BIH 4,Sead Kolasinac,,,Bosnia and Herzegovina,BIH,B,Player,Official Sticker Collection,2026
BIH 5,Tarik Muharemovic,,,Bosnia and Herzegovina,BIH,B,Player,Official Sticker Collection,2026
BIH 6,Nihad Mujakic,,,Bosnia and Herzegovina,BIH,B,Player,Official Sticker Collection,2026
BIH 7,Nikola Katic,,,Bosnia and Herzegovina,BIH,B,Player,Official Sticker Collection,2026
BIH 8,Amir Hadziahmetovic,,,Bosnia and Herzegovina,BIH,B,Player,Official Sticker Collection,2026
BIH 9,Benjamin Tahirovic,,,Bosnia and Herzegovina,BIH,B,Player,Official Sticker Collection,2026
BIH 10,Armin Gigovic,,,Bosnia and Herzegovina,BIH,B,Player,Official Sticker Collection,2026
BIH 11,Ivan Sunjic,,,Bosnia and Herzegovina,BIH,B,Player,Official Sticker Collection,2026
BIH 12,Ivan Basic,,,Bosnia and Herzegovina,BIH,B,Player,Official Sticker Collection,2026
BIH 13,Team Photo,,,Bosnia and Herzegovina,BIH,B,Team Photo,Official Sticker Collection,2026
BIH 14,Dzenis Burnic,,,Bosnia and Herzegovina,BIH,B,Player,Official Sticker Collection,2026
BIH 15,Esmir Bajraktarevic,,,Bosnia and Herzegovina,BIH,B,Player,Official Sticker Collection,2026
BIH 16,Amar Memic,,,Bosnia and Herzegovina,BIH,B,Player,Official Sticker Collection,2026
BIH 17,Ermedin Demirovic,,,Bosnia and Herzegovina,BIH,B,Player,Official Sticker Collection,2026
BIH 18,Edin Dzeko,,,Bosnia and Herzegovina,BIH,B,Player,Official Sticker Collection,2026
BIH 19,Samed Bazdar,,,Bosnia and Herzegovina,BIH,B,Player,Official Sticker Collection,2026
BIH 20,Haris Tabakovic,,,Bosnia and Herzegovina,BIH,B,Player,Official Sticker Collection,2026
QAT 1,Emblem,,,Qatar,QAT,B,Emblem,Official Sticker Collection,2026
QAT 2,Meshaal Barsham,,,Qatar,QAT,B,Player,Official Sticker Collection,2026
QAT 3,Sultan Albrake,,,Qatar,QAT,B,Player,Official Sticker Collection,2026
QAT 4,Lucas Mendes,,,Qatar,QAT,B,Player,Official Sticker Collection,2026
QAT 5,Homam Ahmed,,,Qatar,QAT,B,Player,Official Sticker Collection,2026
QAT 6,Boualem Khoukhi,,,Qatar,QAT,B,Player,Official Sticker Collection,2026
QAT 7,Pedro Miguel,,,Qatar,QAT,B,Player,Official Sticker Collection,2026
QAT 8,Tarek Salman,,,Qatar,QAT,B,Player,Official Sticker Collection,2026
QAT 9,Mohamed Al-Mannai,,,Qatar,QAT,B,Player,Official Sticker Collection,2026
QAT 10,Karim Boudiaf,,,Qatar,QAT,B,Player,Official Sticker Collection,2026
QAT 11,Assim Madibo,,,Qatar,QAT,B,Player,Official Sticker Collection,2026
QAT 12,Ahmed Fatehi,,,Qatar,QAT,B,Player,Official Sticker Collection,2026
QAT 13,Team Photo,,,Qatar,QAT,B,Team Photo,Official Sticker Collection,2026
QAT 14,Mohammed Waad,,,Qatar,QAT,B,Player,Official Sticker Collection,2026
QAT 15,Abdulaziz Hatem,,,Qatar,QAT,B,Player,Official Sticker Collection,2026
QAT 16,Hassan Al-Haydos,,,Qatar,QAT,B,Player,Official Sticker Collection,2026
QAT 17,Edmilson Junior,,,Qatar,QAT,B,Player,Official Sticker Collection,2026
QAT 18,Akram Hassan Afif,,,Qatar,QAT,B,Player,Official Sticker Collection,2026
QAT 19,Ahmed Al Ganehi,,,Qatar,QAT,B,Player,Official Sticker Collection,2026
QAT 20,Almoez Ali,,,Qatar,QAT,B,Player,Official Sticker Collection,2026
SUI 1,Emblem,,,Switzerland,SUI,B,Emblem,Official Sticker Collection,2026
SUI 2,Gregor Kobel,,,Switzerland,SUI,B,Player,Official Sticker Collection,2026
SUI 3,Yvon Mvogo,,,Switzerland,SUI,B,Player,Official Sticker Collection,2026
SUI 4,Manuel Akanji,,,Switzerland,SUI,B,Player,Official Sticker Collection,2026
SUI 5,Ricardo Rodriguez,,,Switzerland,SUI,B,Player,Official Sticker Collection,2026
SUI 6,Nico Elvedi,,,Switzerland,SUI,B,Player,Official Sticker Collection,2026
SUI 7,Aurèle Amenda,,,Switzerland,SUI,B,Player,Official Sticker Collection,2026
SUI 8,Silvan Widmer,,,Switzerland,SUI,B,Player,Official Sticker Collection,2026
SUI 9,Granit Xhaka,,,Switzerland,SUI,B,Player,Official Sticker Collection,2026
SUI 10,Denis Zakaria,,,Switzerland,SUI,B,Player,Official Sticker Collection,2026
SUI 11,Remo Freuler,,,Switzerland,SUI,B,Player,Official Sticker Collection,2026
SUI 12,Fabian Rieder,,,Switzerland,SUI,B,Player,Official Sticker Collection,2026
SUI 13,Team Photo,,,Switzerland,SUI,B,Team Photo,Official Sticker Collection,2026
SUI 14,Ardon Jashari,,,Switzerland,SUI,B,Player,Official Sticker Collection,2026
SUI 15,Johan Manzambi,,,Switzerland,SUI,B,Player,Official Sticker Collection,2026
SUI 16,Michel Aebischer,,,Switzerland,SUI,B,Player,Official Sticker Collection,2026
SUI 17,Breel Embolo,,,Switzerland,SUI,B,Player,Official Sticker Collection,2026
SUI 18,Ruben Vargas,,,Switzerland,SUI,B,Player,Official Sticker Collection,2026
SUI 19,Dan Ndoye,,,Switzerland,SUI,B,Player,Official Sticker Collection,2026
SUI 20,Zeki Amdouni,,,Switzerland,SUI,B,Player,Official Sticker Collection,2026
BRA 1,Emblem,,,Brazil,BRA,C,Emblem,Official Sticker Collection,2026
BRA 2,Alisson,,,Brazil,BRA,C,Player,Official Sticker Collection,2026
BRA 3,Bento,,,Brazil,BRA,C,Player,Official Sticker Collection,2026
BRA 4,Marquinhos,,,Brazil,BRA,C,Player,Official Sticker Collection,2026
BRA 5,Éder Militão,,,Brazil,BRA,C,Player,Official Sticker Collection,2026
BRA 6,Gabriel Magalhães,,,Brazil,BRA,C,Player,Official Sticker Collection,2026
BRA 7,Danilo,,,Brazil,BRA,C,Player,Official Sticker Collection,2026
BRA 8,Wesley,,,Brazil,BRA,C,Player,Official Sticker Collection,2026
BRA 9,Lucas Paquetá,,,Brazil,BRA,C,Player,Official Sticker Collection,2026
BRA 10,Casemiro,,,Brazil,BRA,C,Player,Official Sticker Collection,2026
BRA 11,Bruno Guimarães,,,Brazil,BRA,C,Player,Official Sticker Collection,2026
BRA 12,Luiz Henrique,,,Brazil,BRA,C,Player,Official Sticker Collection,2026
BRA 13,Team Photo,,,Brazil,BRA,C,Team Photo,Official Sticker Collection,2026
BRA 14,Vinicius Júnior,,,Brazil,BRA,C,Player,Official Sticker Collection,2026
BRA 15,Rodrygo,,,Brazil,BRA,C,Player,Official Sticker Collection,2026
BRA 16,João Pedro,,,Brazil,BRA,C,Player,Official Sticker Collection,2026
BRA 17,Matheus Cunha,,,Brazil,BRA,C,Player,Official Sticker Collection,2026
BRA 18,Gabriel Martinelli,,,Brazil,BRA,C,Player,Official Sticker Collection,2026
BRA 19,Raphinha,,,Brazil,BRA,C,Player,Official Sticker Collection,2026
BRA 20,Estévão,,,Brazil,BRA,C,Player,Official Sticker Collection,2026
MAR 1,Emblem,,,Morocco,MAR,C,Emblem,Official Sticker Collection,2026
MAR 2,Yassine Bounou,,,Morocco,MAR,C,Player,Official Sticker Collection,2026
MAR 3,Munir El Kajoui,,,Morocco,MAR,C,Player,Official Sticker Collection,2026
MAR 4,Achraf Hakimi,,,Morocco,MAR,C,Player,Official Sticker Collection,2026
MAR 5,Noussair Mazraoui,,,Morocco,MAR,C,Player,Official Sticker Collection,2026
MAR 6,Nayef Aguerd,,,Morocco,MAR,C,Player,Official Sticker Collection,2026
MAR 7,Romain Saïss,,,Morocco,MAR,C,Player,Official Sticker Collection,2026
MAR 8,Jawad El Yamiq,,,Morocco,MAR,C,Player,Official Sticker Collection,2026
MAR 9,Adam Masina,,,Morocco,MAR,C,Player,Official Sticker Collection,2026
MAR 10,Sofyan Amrabat,,,Morocco,MAR,C,Player,Official Sticker Collection,2026
MAR 11,Azzedine Ounahi,,,Morocco,MAR,C,Player,Official Sticker Collection,2026
MAR 12,Eliesse Ben Seghir,,,Morocco,MAR,C,Player,Official Sticker Collection,2026
MAR 13,Team Photo,,,Morocco,MAR,C,Team Photo,Official Sticker Collection,2026
MAR 14,Bilal El Khannouss,,,Morocco,MAR,C,Player,Official Sticker Collection,2026
MAR 15,Ismael Saibari,,,Morocco,MAR,C,Player,Official Sticker Collection,2026
MAR 16,Youssef En-Nesyri,,,Morocco,MAR,C,Player,Official Sticker Collection,2026
MAR 17,Abde Ezzalzouli,,,Morocco,MAR,C,Player,Official Sticker Collection,2026
MAR 18,Soufiane Rahimi,,,Morocco,MAR,C,Player,Official Sticker Collection,2026
MAR 19,Brahim Diaz,,,Morocco,MAR,C,Player,Official Sticker Collection,2026
MAR 20,Ayoub El Kaabi,,,Morocco,MAR,C,Player,Official Sticker Collection,2026
HAI 1,Emblem,,,Haiti,HAI,C,Emblem,Official Sticker Collection,2026
HAI 2,Johny Placide,,,Haiti,HAI,C,Player,Official Sticker Collection,2026
HAI 3,Carlens Arcus,,,Haiti,HAI,C,Player,Official Sticker Collection,2026
HAI 4,Martin Expérience,,,Haiti,HAI,C,Player,Official Sticker Collection,2026
HAI 5,Jean-Kevin Duverne,,,Haiti,HAI,C,Player,Official Sticker Collection,2026
HAI 6,Ricardo Adé,,,Haiti,HAI,C,Player,Official Sticker Collection,2026
HAI 7,Duke Lacroix,,,Haiti,HAI,C,Player,Official Sticker Collection,2026
HAI 8,Garven Metusala,,,Haiti,HAI,C,Player,Official Sticker Collection,2026
HAI 9,Hannes Delcroix,,,Haiti,HAI,C,Player,Official Sticker Collection,2026
HAI 10,Leverton Pierre,,,Haiti,HAI,C,Player,Official Sticker Collection,2026
HAI 11,Danley Jean Jacques,,,Haiti,HAI,C,Player,Official Sticker Collection,2026
HAI 12,Jean-Ricner Bellegarde,,,Haiti,HAI,C,Player,Official Sticker Collection,2026
HAI 13,Team Photo,,,Haiti,HAI,C,Team Photo,Official Sticker Collection,2026
HAI 14,Christopher Attys,,,Haiti,HAI,C,Player,Official Sticker Collection,2026
HAI 15,Derrick Etienne Jr,,,Haiti,HAI,C,Player,Official Sticker Collection,2026
HAI 16,Josue Casimir,,,Haiti,HAI,C,Player,Official Sticker Collection,2026
HAI 17,Ruben Providence,,,Haiti,HAI,C,Player,Official Sticker Collection,2026
HAI 18,Duckens Nazon,,,Haiti,HAI,C,Player,Official Sticker Collection,2026
HAI 19,Louicius Deedson,,,Haiti,HAI,C,Player,Official Sticker Collection,2026
HAI 20,Frantzdy Pierrot,,,Haiti,HAI,C,Player,Official Sticker Collection,2026
SCO 1,Emblem,,,Scotland,SCO,C,Emblem,Official Sticker Collection,2026
SCO 2,Angus Gunn,,,Scotland,SCO,C,Player,Official Sticker Collection,2026
SCO 3,Jack Hendry,,,Scotland,SCO,C,Player,Official Sticker Collection,2026
SCO 4,Kieran Tierney,,,Scotland,SCO,C,Player,Official Sticker Collection,2026
SCO 5,Aaron Hickey,,,Scotland,SCO,C,Player,Official Sticker Collection,2026
SCO 6,Andrew Robertson,,,Scotland,SCO,C,Player,Official Sticker Collection,2026
SCO 7,Scott McKenna,,,Scotland,SCO,C,Player,Official Sticker Collection,2026
SCO 8,John Souttar,,,Scotland,SCO,C,Player,Official Sticker Collection,2026
SCO 9,Anthony Ralston,,,Scotland,SCO,C,Player,Official Sticker Collection,2026
SCO 10,Grant Hanley,,,Scotland,SCO,C,Player,Official Sticker Collection,2026
SCO 11,Scott McTominay,,,Scotland,SCO,C,Player,Official Sticker Collection,2026
SCO 12,Billy Gilmour,,,Scotland,SCO,C,Player,Official Sticker Collection,2026
SCO 13,Team Photo,,,Scotland,SCO,C,Team Photo,Official Sticker Collection,2026
SCO 14,Lewis Ferguson,,,Scotland,SCO,C,Player,Official Sticker Collection,2026
SCO 15,Ryan Christie,,,Scotland,SCO,C,Player,Official Sticker Collection,2026
SCO 16,Kenny McLean,,,Scotland,SCO,C,Player,Official Sticker Collection,2026
SCO 17,John McGinn,,,Scotland,SCO,C,Player,Official Sticker Collection,2026
SCO 18,Lyndon Dykes,,,Scotland,SCO,C,Player,Official Sticker Collection,2026
SCO 19,Che Adams,,,Scotland,SCO,C,Player,Official Sticker Collection,2026
SCO 20,Ben Gannon-Doak,,,Scotland,SCO,C,Player,Official Sticker Collection,2026
USA 1,Emblem,,,United States,USA,D,Emblem,Official Sticker Collection,2026
USA 2,Matt Freese,,,United States,USA,D,Player,Official Sticker Collection,2026
USA 3,Chris Richards,,,United States,USA,D,Player,Official Sticker Collection,2026
USA 4,Tim Ream,,,United States,USA,D,Player,Official Sticker Collection,2026
USA 5,Mark McKenzie,,,United States,USA,D,Player,Official Sticker Collection,2026
USA 6,Alex Freeman,,,United States,USA,D,Player,Official Sticker Collection,2026
USA 7,Antonee Robinson,,,United States,USA,D,Player,Official Sticker Collection,2026
USA 8,Tyler Adams,,,United States,USA,D,Player,Official Sticker Collection,2026
USA 9,Tanner Tessmann,,,United States,USA,D,Player,Official Sticker Collection,2026
USA 10,Weston McKenny,,,United States,USA,D,Player,Official Sticker Collection,2026
USA 11,Christian Roldan,,,United States,USA,D,Player,Official Sticker Collection,2026
USA 12,Timothy Weah,,,United States,USA,D,Player,Official Sticker Collection,2026
USA 13,Team Photo,,,United States,USA,D,Team Photo,Official Sticker Collection,2026
USA 14,Diego Luna,,,United States,USA,D,Player,Official Sticker Collection,2026
USA 15,Malik Tillman,,,United States,USA,D,Player,Official Sticker Collection,2026
USA 16,Christian Pulisic,,,United States,USA,D,Player,Official Sticker Collection,2026
USA 17,Brenden Aaronson,,,United States,USA,D,Player,Official Sticker Collection,2026
USA 18,Ricardo Pepi,,,United States,USA,D,Player,Official Sticker Collection,2026
USA 19,Haji Wright,,,United States,USA,D,Player,Official Sticker Collection,2026
USA 20,Folarin Balogun,,,United States,USA,D,Player,Official Sticker Collection,2026
PAR 1,Emblem,,,Paraguay,PAR,D,Emblem,Official Sticker Collection,2026
PAR 2,Roberto Fernandez,,,Paraguay,PAR,D,Player,Official Sticker Collection,2026
PAR 3,Orlando Gill,,,Paraguay,PAR,D,Player,Official Sticker Collection,2026
PAR 4,Gustavo Gomez,,,Paraguay,PAR,D,Player,Official Sticker Collection,2026
PAR 5,Fabián Balbuena,,,Paraguay,PAR,D,Player,Official Sticker Collection,2026
PAR 6,Juan José Cáceres,,,Paraguay,PAR,D,Player,Official Sticker Collection,2026
PAR 7,Omar Alderete,,,Paraguay,PAR,D,Player,Official Sticker Collection,2026
PAR 8,Junior Alonso,,,Paraguay,PAR,D,Player,Official Sticker Collection,2026
PAR 9,Mathías Villasanti,,,Paraguay,PAR,D,Player,Official Sticker Collection,2026
PAR 10,Diego Gomez,,,Paraguay,PAR,D,Player,Official Sticker Collection,2026
PAR 11,Damián Bobadilla,,,Paraguay,PAR,D,Player,Official Sticker Collection,2026
PAR 12,Andres Cubas,,,Paraguay,PAR,D,Player,Official Sticker Collection,2026
PAR 13,Team Photo,,,Paraguay,PAR,D,Team Photo,Official Sticker Collection,2026
PAR 14,Matias Galarza Fonda,,,Paraguay,PAR,D,Player,Official Sticker Collection,2026
PAR 15,Julio Enciso,,,Paraguay,PAR,D,Player,Official Sticker Collection,2026
PAR 16,Alejandro Romero Gamarra,,,Paraguay,PAR,D,Player,Official Sticker Collection,2026
PAR 17,Miguel Almirón,,,Paraguay,PAR,D,Player,Official Sticker Collection,2026
PAR 18,Ramon Sosa,,,Paraguay,PAR,D,Player,Official Sticker Collection,2026
PAR 19,Angel Romero,,,Paraguay,PAR,D,Player,Official Sticker Collection,2026
PAR 20,Antonio Sanabria,,,Paraguay,PAR,D,Player,Official Sticker Collection,2026
AUS 1,Emblem,,,Australia,AUS,D,Emblem,Official Sticker Collection,2026
AUS 2,Mathew Ryan,,,Australia,AUS,D,Player,Official Sticker Collection,2026
AUS 3,Joe Gauci,,,Australia,AUS,D,Player,Official Sticker Collection,2026
AUS 4,Harry Souttar,,,Australia,AUS,D,Player,Official Sticker Collection,2026
AUS 5,Alessandro Circati,,,Australia,AUS,D,Player,Official Sticker Collection,2026
AUS 6,Jordan Bos,,,Australia,AUS,D,Player,Official Sticker Collection,2026
AUS 7,Aziz Behich,,,Australia,AUS,D,Player,Official Sticker Collection,2026
AUS 8,Cameron Burgess,,,Australia,AUS,D,Player,Official Sticker Collection,2026
AUS 9,Lewis Miller,,,Australia,AUS,D,Player,Official Sticker Collection,2026
AUS 10,Milos Degenek,,,Australia,AUS,D,Player,Official Sticker Collection,2026
AUS 11,Jackson Irvine,,,Australia,AUS,D,Player,Official Sticker Collection,2026
AUS 12,Riley McGree,,,Australia,AUS,D,Player,Official Sticker Collection,2026
AUS 13,Team Photo,,,Australia,AUS,D,Team Photo,Official Sticker Collection,2026
AUS 14,Aiden O'Neill,,,Australia,AUS,D,Player,Official Sticker Collection,2026
AUS 15,Connor Metcalfe,,,Australia,AUS,D,Player,Official Sticker Collection,2026
AUS 16,Patrick Yazbek,,,Australia,AUS,D,Player,Official Sticker Collection,2026
AUS 17,Craig Goodwin,,,Australia,AUS,D,Player,Official Sticker Collection,2026
AUS 18,Kusini Yengi,,,Australia,AUS,D,Player,Official Sticker Collection,2026
AUS 19,Nestory Irankunda,,,Australia,AUS,D,Player,Official Sticker Collection,2026
AUS 20,Mohamed Touré,,,Australia,AUS,D,Player,Official Sticker Collection,2026
TUR 1,Emblem,,,Turkey,TUR,D,Emblem,Official Sticker Collection,2026
TUR 2,Ugurcan Cakir,,,Turkey,TUR,D,Player,Official Sticker Collection,2026
TUR 3,Mert Muldur,,,Turkey,TUR,D,Player,Official Sticker Collection,2026
TUR 4,Zeki Celik,,,Turkey,TUR,D,Player,Official Sticker Collection,2026
TUR 5,Abdulkerim Bardakci,,,Turkey,TUR,D,Player,Official Sticker Collection,2026
TUR 6,Caglar Soyuncu,,,Turkey,TUR,D,Player,Official Sticker Collection,2026
TUR 7,Merih Demiral,,,Turkey,TUR,D,Player,Official Sticker Collection,2026
TUR 8,Ferdi Kadioglu,,,Turkey,TUR,D,Player,Official Sticker Collection,2026
TUR 9,Kaan Ayhan,,,Turkey,TUR,D,Player,Official Sticker Collection,2026
TUR 10,Ismail Yuksek,,,Turkey,TUR,D,Player,Official Sticker Collection,2026
TUR 11,Hakan Calhanoglu,,,Turkey,TUR,D,Player,Official Sticker Collection,2026
TUR 12,Orkun Kokcu,,,Turkey,TUR,D,Player,Official Sticker Collection,2026
TUR 13,Team Photo,,,Turkey,TUR,D,Team Photo,Official Sticker Collection,2026
TUR 14,Arda Guler,,,Turkey,TUR,D,Player,Official Sticker Collection,2026
TUR 15,Irfan Can Kahveci,,,Turkey,TUR,D,Player,Official Sticker Collection,2026
TUR 16,Yunus Akgun,,,Turkey,TUR,D,Player,Official Sticker Collection,2026
TUR 17,Can Uzun,,,Turkey,TUR,D,Player,Official Sticker Collection,2026
TUR 18,Baris Alper Yilmaz,,,Turkey,TUR,D,Player,Official Sticker Collection,2026
TUR 19,Kerem Akturkoglu,,,Turkey,TUR,D,Player,Official Sticker Collection,2026
TUR 20,Kenan Yildiz,,,Turkey,TUR,D,Player,Official Sticker Collection,2026
GER 1,Emblem,,,Germany,GER,E,Emblem,Official Sticker Collection,2026
GER 2,Marc-André ter Stegen,,,Germany,GER,E,Player,Official Sticker Collection,2026
GER 3,Jonathan Tah,,,Germany,GER,E,Player,Official Sticker Collection,2026
GER 4,David Raum,,,Germany,GER,E,Player,Official Sticker Collection,2026
GER 5,Nico Schlotterbeck,,,Germany,GER,E,Player,Official Sticker Collection,2026
GER 6,Antonio Rüdiger,,,Germany,GER,E,Player,Official Sticker Collection,2026
GER 7,Waldemar Anton,,,Germany,GER,E,Player,Official Sticker Collection,2026
GER 8,Ridle Baku,,,Germany,GER,E,Player,Official Sticker Collection,2026
GER 9,Maximilian Mittelstadt,,,Germany,GER,E,Player,Official Sticker Collection,2026
GER 10,Joshua Kimmich,,,Germany,GER,E,Player,Official Sticker Collection,2026
GER 11,Florian Wirtz,,,Germany,GER,E,Player,Official Sticker Collection,2026
GER 12,Felix Nmecha,,,Germany,GER,E,Player,Official Sticker Collection,2026
GER 13,Team Photo,,,Germany,GER,E,Team Photo,Official Sticker Collection,2026
GER 14,Leon Goretzka,,,Germany,GER,E,Player,Official Sticker Collection,2026
GER 15,Jamal Musiala,,,Germany,GER,E,Player,Official Sticker Collection,2026
GER 16,Serge Gnabry,,,Germany,GER,E,Player,Official Sticker Collection,2026
GER 17,Kai Havertz,,,Germany,GER,E,Player,Official Sticker Collection,2026
GER 18,Leroy Sane,,,Germany,GER,E,Player,Official Sticker Collection,2026
GER 19,Karim Adeyemi,,,Germany,GER,E,Player,Official Sticker Collection,2026
GER 20,Nick Woltemade,,,Germany,GER,E,Player,Official Sticker Collection,2026
CUW 1,Emblem,,,Curaçao,CUW,E,Emblem,Official Sticker Collection,2026
CUW 2,Eloy Room,,,Curaçao,CUW,E,Player,Official Sticker Collection,2026
CUW 3,Armando Obispo,,,Curaçao,CUW,E,Player,Official Sticker Collection,2026
CUW 4,Sherel Floranus,,,Curaçao,CUW,E,Player,Official Sticker Collection,2026
CUW 5,Jurien Gaari,,,Curaçao,CUW,E,Player,Official Sticker Collection,2026
CUW 6,Joshua Brenet,,,Curaçao,CUW,E,Player,Official Sticker Collection,2026
CUW 7,Roshon Van Eijma,,,Curaçao,CUW,E,Player,Official Sticker Collection,2026
CUW 8,Shurandy Sambo,,,Curaçao,CUW,E,Player,Official Sticker Collection,2026
CUW 9,Livano Comenencia,,,Curaçao,CUW,E,Player,Official Sticker Collection,2026
CUW 10,Godfried Roemeratoe,,,Curaçao,CUW,E,Player,Official Sticker Collection,2026
CUW 11,Juninho Bacuna,,,Curaçao,CUW,E,Player,Official Sticker Collection,2026
CUW 12,Leandro Bacuna,,,Curaçao,CUW,E,Player,Official Sticker Collection,2026
CUW 13,Team Photo,,,Curaçao,CUW,E,Team Photo,Official Sticker Collection,2026
CUW 14,Tahith Chong,,,Curaçao,CUW,E,Player,Official Sticker Collection,2026
CUW 15,Kenji Gorre,,,Curaçao,CUW,E,Player,Official Sticker Collection,2026
CUW 16,Jearl Margaritha,,,Curaçao,CUW,E,Player,Official Sticker Collection,2026
CUW 17,Jurgen Locadia,,,Curaçao,CUW,E,Player,Official Sticker Collection,2026
CUW 18,Jeremy Antonisse,,,Curaçao,CUW,E,Player,Official Sticker Collection,2026
CUW 19,Gervane Kastaneer,,,Curaçao,CUW,E,Player,Official Sticker Collection,2026
CUW 20,Sontje Hansen,,,Curaçao,CUW,E,Player,Official Sticker Collection,2026
CIV 1,Emblem,,,Ivory Coast,CIV,E,Emblem,Official Sticker Collection,2026
CIV 2,Yahia Fofana,,,Ivory Coast,CIV,E,Player,Official Sticker Collection,2026
CIV 3,Ghislain Konan,,,Ivory Coast,CIV,E,Player,Official Sticker Collection,2026
CIV 4,Wilfried Singo,,,Ivory Coast,CIV,E,Player,Official Sticker Collection,2026
CIV 5,Odilon Kossounou,,,Ivory Coast,CIV,E,Player,Official Sticker Collection,2026
CIV 6,Evan Ndicka,,,Ivory Coast,CIV,E,Player,Official Sticker Collection,2026
CIV 7,Willy Boly,,,Ivory Coast,CIV,E,Player,Official Sticker Collection,2026
CIV 8,Emmanuel Agbadou,,,Ivory Coast,CIV,E,Player,Official Sticker Collection,2026
CIV 9,Ousmane Diomande,,,Ivory Coast,CIV,E,Player,Official Sticker Collection,2026
CIV 10,Franck Kessie,,,Ivory Coast,CIV,E,Player,Official Sticker Collection,2026
CIV 11,Seko Fofana,,,Ivory Coast,CIV,E,Player,Official Sticker Collection,2026
CIV 12,Ibrahim Sangare,,,Ivory Coast,CIV,E,Player,Official Sticker Collection,2026
CIV 13,Team Photo,,,Ivory Coast,CIV,E,Team Photo,Official Sticker Collection,2026
CIV 14,Jean-Philippe Gbamin,,,Ivory Coast,CIV,E,Player,Official Sticker Collection,2026
CIV 15,Amad Diallo,,,Ivory Coast,CIV,E,Player,Official Sticker Collection,2026
CIV 16,Sébastien Haller,,,Ivory Coast,CIV,E,Player,Official Sticker Collection,2026
CIV 17,Simon Adingra,,,Ivory Coast,CIV,E,Player,Official Sticker Collection,2026
CIV 18,Yan Diomande,,,Ivory Coast,CIV,E,Player,Official Sticker Collection,2026
CIV 19,Evann Guessand,,,Ivory Coast,CIV,E,Player,Official Sticker Collection,2026
CIV 20,Oumar Diakite,,,Ivory Coast,CIV,E,Player,Official Sticker Collection,2026
ECU 1,Emblem,,,Ecuador,ECU,E,Emblem,Official Sticker Collection,2026
ECU 2,Hernán Galíndez,,,Ecuador,ECU,E,Player,Official Sticker Collection,2026
ECU 3,Gonzalo Valle,,,Ecuador,ECU,E,Player,Official Sticker Collection,2026
ECU 4,Piero Hincapié,,,Ecuador,ECU,E,Player,Official Sticker Collection,2026
ECU 5,Pervis Estupiñán,,,Ecuador,ECU,E,Player,Official Sticker Collection,2026
ECU 6,Willian Pacho,,,Ecuador,ECU,E,Player,Official Sticker Collection,2026
ECU 7,Ángelo Preciado,,,Ecuador,ECU,E,Player,Official Sticker Collection,2026
ECU 8,Joel Ordóñez,,,Ecuador,ECU,E,Player,Official Sticker Collection,2026
ECU 9,Moises Caicedo,,,Ecuador,ECU,E,Player,Official Sticker Collection,2026
ECU 10,Alan Franco,,,Ecuador,ECU,E,Player,Official Sticker Collection,2026
ECU 11,Kendry Paez,,,Ecuador,ECU,E,Player,Official Sticker Collection,2026
ECU 12,Pedro Vite,,,Ecuador,ECU,E,Player,Official Sticker Collection,2026
ECU 13,Team Photo,,,Ecuador,ECU,E,Team Photo,Official Sticker Collection,2026
ECU 14,John Yeboah,,,Ecuador,ECU,E,Player,Official Sticker Collection,2026
ECU 15,Leonardo Campana,,,Ecuador,ECU,E,Player,Official Sticker Collection,2026
ECU 16,Gonzalo Plata,,,Ecuador,ECU,E,Player,Official Sticker Collection,2026
ECU 17,Nilson Angulo,,,Ecuador,ECU,E,Player,Official Sticker Collection,2026
ECU 18,Alan Minda,,,Ecuador,ECU,E,Player,Official Sticker Collection,2026
ECU 19,Kevin Rodriguez,,,Ecuador,ECU,E,Player,Official Sticker Collection,2026
ECU 20,Enner Valencia,,,Ecuador,ECU,E,Player,Official Sticker Collection,2026
NED 1,Emblem,,,Netherlands,NED,F,Emblem,Official Sticker Collection,2026
NED 2,Bart Verbruggen,,,Netherlands,NED,F,Player,Official Sticker Collection,2026
NED 3,Virgil van Dijk,,,Netherlands,NED,F,Player,Official Sticker Collection,2026
NED 4,Micky van de Ven,,,Netherlands,NED,F,Player,Official Sticker Collection,2026
NED 5,Jurrien Timber,,,Netherlands,NED,F,Player,Official Sticker Collection,2026
NED 6,Denzel Dumfries,,,Netherlands,NED,F,Player,Official Sticker Collection,2026
NED 7,Nathan Aké,,,Netherlands,NED,F,Player,Official Sticker Collection,2026
NED 8,Jeremie Frimpong,,,Netherlands,NED,F,Player,Official Sticker Collection,2026
NED 9,Jan Paul van Hecke,,,Netherlands,NED,F,Player,Official Sticker Collection,2026
NED 10,Tijjani Reijnders,,,Netherlands,NED,F,Player,Official Sticker Collection,2026
NED 11,Ryan Gravenberch,,,Netherlands,NED,F,Player,Official Sticker Collection,2026
NED 12,Teun Koopmeiners,,,Netherlands,NED,F,Player,Official Sticker Collection,2026
NED 13,Team Photo,,,Netherlands,NED,F,Team Photo,Official Sticker Collection,2026
NED 14,Frenkie de Jong,,,Netherlands,NED,F,Player,Official Sticker Collection,2026
NED 15,Xavi Simons,,,Netherlands,NED,F,Player,Official Sticker Collection,2026
NED 16,Justin Kluivert,,,Netherlands,NED,F,Player,Official Sticker Collection,2026
NED 17,Memphis Depay,,,Netherlands,NED,F,Player,Official Sticker Collection,2026
NED 18,Donyell Malen,,,Netherlands,NED,F,Player,Official Sticker Collection,2026
NED 19,Wout Weghorst,,,Netherlands,NED,F,Player,Official Sticker Collection,2026
NED 20,Cody Gakpo,,,Netherlands,NED,F,Player,Official Sticker Collection,2026
JPN 1,Emblem,,,Japan,JPN,F,Emblem,Official Sticker Collection,2026
JPN 2,Zion Suzuki,,,Japan,JPN,F,Player,Official Sticker Collection,2026
JPN 3,Henry Heroki Mochizuki,,,Japan,JPN,F,Player,Official Sticker Collection,2026
JPN 4,Ayumu Seko,,,Japan,JPN,F,Player,Official Sticker Collection,2026
JPN 5,Junnosuke Suzuki,,,Japan,JPN,F,Player,Official Sticker Collection,2026
JPN 6,Shogo Taniguchi,,,Japan,JPN,F,Player,Official Sticker Collection,2026
JPN 7,Tsuyoshi Watanabe,,,Japan,JPN,F,Player,Official Sticker Collection,2026
JPN 8,Kaishu Sano,,,Japan,JPN,F,Player,Official Sticker Collection,2026
JPN 9,Yuki Soma,,,Japan,JPN,F,Player,Official Sticker Collection,2026
JPN 10,Ao Tanaka,,,Japan,JPN,F,Player,Official Sticker Collection,2026
JPN 11,Daichi Kamada,,,Japan,JPN,F,Player,Official Sticker Collection,2026
JPN 12,Takefusa Kubo,,,Japan,JPN,F,Player,Official Sticker Collection,2026
JPN 13,Team Photo,,,Japan,JPN,F,Team Photo,Official Sticker Collection,2026
JPN 14,Ritsu Doan,,,Japan,JPN,F,Player,Official Sticker Collection,2026
JPN 15,Keito Nakamura,,,Japan,JPN,F,Player,Official Sticker Collection,2026
JPN 16,Takumi Minamino,,,Japan,JPN,F,Player,Official Sticker Collection,2026
JPN 17,Shuto Machino,,,Japan,JPN,F,Player,Official Sticker Collection,2026
JPN 18,Junya Ito,,,Japan,JPN,F,Player,Official Sticker Collection,2026
JPN 19,Koki Ogawa,,,Japan,JPN,F,Player,Official Sticker Collection,2026
JPN 20,Ayase Ueda,,,Japan,JPN,F,Player,Official Sticker Collection,2026
SWE 1,Emblem,,,Sweden,SWE,F,Emblem,Official Sticker Collection,2026
SWE 2,Victor Johansson,,,Sweden,SWE,F,Player,Official Sticker Collection,2026
SWE 3,Isak Hien,,,Sweden,SWE,F,Player,Official Sticker Collection,2026
SWE 4,Gabriel Gudmundsson,,,Sweden,SWE,F,Player,Official Sticker Collection,2026
SWE 5,Emil Holm,,,Sweden,SWE,F,Player,Official Sticker Collection,2026
SWE 6,Victor Nilsson Lindelöf,,,Sweden,SWE,F,Player,Official Sticker Collection,2026
SWE 7,Gustaf Lagerbielke,,,Sweden,SWE,F,Player,Official Sticker Collection,2026
SWE 8,Lucas Bergvall,,,Sweden,SWE,F,Player,Official Sticker Collection,2026
SWE 9,Hugo Larsson,,,Sweden,SWE,F,Player,Official Sticker Collection,2026
SWE 10,Jesper Karlström,,,Sweden,SWE,F,Player,Official Sticker Collection,2026
SWE 11,Yasin Ayari,,,Sweden,SWE,F,Player,Official Sticker Collection,2026
SWE 12,Mattias Svanberg,,,Sweden,SWE,F,Player,Official Sticker Collection,2026
SWE 13,Team Photo,,,Sweden,SWE,F,Team Photo,Official Sticker Collection,2026
SWE 14,Daniel Svensson,,,Sweden,SWE,F,Player,Official Sticker Collection,2026
SWE 15,Ken Sema,,,Sweden,SWE,F,Player,Official Sticker Collection,2026
SWE 16,Roony Bardghji,,,Sweden,SWE,F,Player,Official Sticker Collection,2026
SWE 17,Dejan Kulusevski,,,Sweden,SWE,F,Player,Official Sticker Collection,2026
SWE 18,Anthony Elanga,,,Sweden,SWE,F,Player,Official Sticker Collection,2026
SWE 19,Alexander Isak,,,Sweden,SWE,F,Player,Official Sticker Collection,2026
SWE 20,Viktor Gyökeres,,,Sweden,SWE,F,Player,Official Sticker Collection,2026
TUN 1,Emblem,,,Tunisia,TUN,F,Emblem,Official Sticker Collection,2026
TUN 2,Bechir Ben Said,,,Tunisia,TUN,F,Player,Official Sticker Collection,2026
TUN 3,Aymen Dahmen,,,Tunisia,TUN,F,Player,Official Sticker Collection,2026
TUN 4,Yan Valery,,,Tunisia,TUN,F,Player,Official Sticker Collection,2026
TUN 5,Montassar Talbi,,,Tunisia,TUN,F,Player,Official Sticker Collection,2026
TUN 6,Yassine Meriah,,,Tunisia,TUN,F,Player,Official Sticker Collection,2026
TUN 7,Ali Abdi,,,Tunisia,TUN,F,Player,Official Sticker Collection,2026
TUN 8,Dylan Bronn,,,Tunisia,TUN,F,Player,Official Sticker Collection,2026
TUN 9,Ellyes Skhiri,,,Tunisia,TUN,F,Player,Official Sticker Collection,2026
TUN 10,Aissa Laidouni,,,Tunisia,TUN,F,Player,Official Sticker Collection,2026
TUN 11,Ferjani Sassi,,,Tunisia,TUN,F,Player,Official Sticker Collection,2026
TUN 12,M. Ali Ben Romdhane,,,Tunisia,TUN,F,Player,Official Sticker Collection,2026
TUN 13,Team Photo,,,Tunisia,TUN,F,Team Photo,Official Sticker Collection,2026
TUN 14,Hannibal Mejbri,,,Tunisia,TUN,F,Player,Official Sticker Collection,2026
TUN 15,Elias Achouri,,,Tunisia,TUN,F,Player,Official Sticker Collection,2026
TUN 16,Elias Saad,,,Tunisia,TUN,F,Player,Official Sticker Collection,2026
TUN 17,Hazem Mastouri,,,Tunisia,TUN,F,Player,Official Sticker Collection,2026
TUN 18,Ismael Gharbi,,,Tunisia,TUN,F,Player,Official Sticker Collection,2026
TUN 19,Sayfallah Ltaief,,,Tunisia,TUN,F,Player,Official Sticker Collection,2026
TUN 20,Naim Sliti,,,Tunisia,TUN,F,Player,Official Sticker Collection,2026
BEL 1,Emblem,,,Belgium,BEL,G,Emblem,Official Sticker Collection,2026
BEL 2,Thibaut Courtois,,,Belgium,BEL,G,Player,Official Sticker Collection,2026
BEL 3,Arthur Theate,,,Belgium,BEL,G,Player,Official Sticker Collection,2026
BEL 4,Timothy Castagne,,,Belgium,BEL,G,Player,Official Sticker Collection,2026
BEL 5,Zeno Debast,,,Belgium,BEL,G,Player,Official Sticker Collection,2026
BEL 6,Brandon Mechele,,,Belgium,BEL,G,Player,Official Sticker Collection,2026
BEL 7,Maxim De Cuyper,,,Belgium,BEL,G,Player,Official Sticker Collection,2026
BEL 8,Thomas Meunier,,,Belgium,BEL,G,Player,Official Sticker Collection,2026
BEL 9,Youri Tielemans,,,Belgium,BEL,G,Player,Official Sticker Collection,2026
BEL 10,Amadou Onana,,,Belgium,BEL,G,Player,Official Sticker Collection,2026
BEL 11,Nicolas Raskin,,,Belgium,BEL,G,Player,Official Sticker Collection,2026
BEL 12,Alexis Saelemaekers,,,Belgium,BEL,G,Player,Official Sticker Collection,2026
BEL 13,Team Photo,,,Belgium,BEL,G,Team Photo,Official Sticker Collection,2026
BEL 14,Hans Vanaken,,,Belgium,BEL,G,Player,Official Sticker Collection,2026
BEL 15,Kevin De Bruyne,,,Belgium,BEL,G,Player,Official Sticker Collection,2026
BEL 16,Jérémy Doku,,,Belgium,BEL,G,Player,Official Sticker Collection,2026
BEL 17,Charles De Ketelaere,,,Belgium,BEL,G,Player,Official Sticker Collection,2026
BEL 18,Leandro Trossard,,,Belgium,BEL,G,Player,Official Sticker Collection,2026
BEL 19,Loïs Openda,,,Belgium,BEL,G,Player,Official Sticker Collection,2026
BEL 20,Romelu Lukaku,,,Belgium,BEL,G,Player,Official Sticker Collection,2026
EGY 1,Emblem,,,Egypt,EGY,G,Emblem,Official Sticker Collection,2026
EGY 2,Mohamed El Shenawy,,,Egypt,EGY,G,Player,Official Sticker Collection,2026
EGY 3,Mohamed Hany,,,Egypt,EGY,G,Player,Official Sticker Collection,2026
EGY 4,Mohamed Hamdy,,,Egypt,EGY,G,Player,Official Sticker Collection,2026
EGY 5,Yasser Ibrahim,,,Egypt,EGY,G,Player,Official Sticker Collection,2026
EGY 6,Khaled Sobhi,,,Egypt,EGY,G,Player,Official Sticker Collection,2026
EGY 7,Ramy Rabia,,,Egypt,EGY,G,Player,Official Sticker Collection,2026
EGY 8,Hossam Abdelmaguid,,,Egypt,EGY,G,Player,Official Sticker Collection,2026
EGY 9,Ahmed Fatouh,,,Egypt,EGY,G,Player,Official Sticker Collection,2026
EGY 10,Marwan Attia,,,Egypt,EGY,G,Player,Official Sticker Collection,2026
EGY 11,Zizo,,,Egypt,EGY,G,Player,Official Sticker Collection,2026
EGY 12,Hamdy Fathy,,,Egypt,EGY,G,Player,Official Sticker Collection,2026
EGY 13,Team Photo,,,Egypt,EGY,G,Team Photo,Official Sticker Collection,2026
EGY 14,Mohamed Lasheen,,,Egypt,EGY,G,Player,Official Sticker Collection,2026
EGY 15,Emam Ashour,,,Egypt,EGY,G,Player,Official Sticker Collection,2026
EGY 16,Osama Faisal,,,Egypt,EGY,G,Player,Official Sticker Collection,2026
EGY 17,Mohamed Salah,,,Egypt,EGY,G,Player,Official Sticker Collection,2026
EGY 18,Mostafa Mohamed,,,Egypt,EGY,G,Player,Official Sticker Collection,2026
EGY 19,Trezeguet,,,Egypt,EGY,G,Player,Official Sticker Collection,2026
EGY 20,Omar Marmoush,,,Egypt,EGY,G,Player,Official Sticker Collection,2026
IRN 1,Emblem,,,Iran,IRN,G,Emblem,Official Sticker Collection,2026
IRN 2,Alireza Beiranvand,,,Iran,IRN,G,Player,Official Sticker Collection,2026
IRN 3,Morteza Pouraliganji,,,Iran,IRN,G,Player,Official Sticker Collection,2026
IRN 4,Ehsan Hajsafi,,,Iran,IRN,G,Player,Official Sticker Collection,2026
IRN 5,Milad Mohammadi,,,Iran,IRN,G,Player,Official Sticker Collection,2026
IRN 6,Shojae Khalilzadeh,,,Iran,IRN,G,Player,Official Sticker Collection,2026
IRN 7,Ramin Rezaeian,,,Iran,IRN,G,Player,Official Sticker Collection,2026
IRN 8,Hossein Kanaani,,,Iran,IRN,G,Player,Official Sticker Collection,2026
IRN 9,Sadegh Moharrami,,,Iran,IRN,G,Player,Official Sticker Collection,2026
IRN 10,Saleh Hardani,,,Iran,IRN,G,Player,Official Sticker Collection,2026
IRN 11,Saeed Ezatolahi,,,Iran,IRN,G,Player,Official Sticker Collection,2026
IRN 12,Saman Ghoddos,,,Iran,IRN,G,Player,Official Sticker Collection,2026
IRN 13,Team Photo,,,Iran,IRN,G,Team Photo,Official Sticker Collection,2026
IRN 14,Omid Noorafkan,,,Iran,IRN,G,Player,Official Sticker Collection,2026
IRN 15,Roozbeh Cheshmi,,,Iran,IRN,G,Player,Official Sticker Collection,2026
IRN 16,Mohammad Mohebi,,,Iran,IRN,G,Player,Official Sticker Collection,2026
IRN 17,Sardar Azmoun,,,Iran,IRN,G,Player,Official Sticker Collection,2026
IRN 18,Mehdi Taremi,,,Iran,IRN,G,Player,Official Sticker Collection,2026
IRN 19,Alireza Jahanbakhsh,,,Iran,IRN,G,Player,Official Sticker Collection,2026
IRN 20,Ali Gholizadeh,,,Iran,IRN,G,Player,Official Sticker Collection,2026
NZL 1,Emblem,,,New Zealand,NZL,G,Emblem,Official Sticker Collection,2026
NZL 2,Max Crocombe,,,New Zealand,NZL,G,Player,Official Sticker Collection,2026
NZL 3,Alex Paulsen,,,New Zealand,NZL,G,Player,Official Sticker Collection,2026
NZL 4,Michael Boxall,,,New Zealand,NZL,G,Player,Official Sticker Collection,2026
NZL 5,Liberato Cacace,,,New Zealand,NZL,G,Player,Official Sticker Collection,2026
NZL 6,Tim Payne,,,New Zealand,NZL,G,Player,Official Sticker Collection,2026
NZL 7,Tyler Bindon,,,New Zealand,NZL,G,Player,Official Sticker Collection,2026
NZL 8,Francis de Vries,,,New Zealand,NZL,G,Player,Official Sticker Collection,2026
NZL 9,Finn Surman,,,New Zealand,NZL,G,Player,Official Sticker Collection,2026
NZL 10,Joe Bell,,,New Zealand,NZL,G,Player,Official Sticker Collection,2026
NZL 11,Sarpreet Singh,,,New Zealand,NZL,G,Player,Official Sticker Collection,2026
NZL 12,Ryan Thomas,,,New Zealand,NZL,G,Player,Official Sticker Collection,2026
NZL 13,Team Photo,,,New Zealand,NZL,G,Team Photo,Official Sticker Collection,2026
NZL 14,Matthew Garbett,,,New Zealand,NZL,G,Player,Official Sticker Collection,2026
NZL 15,Marko Stamenić,,,New Zealand,NZL,G,Player,Official Sticker Collection,2026
NZL 16,Ben Old,,,New Zealand,NZL,G,Player,Official Sticker Collection,2026
NZL 17,Chris Wood,,,New Zealand,NZL,G,Player,Official Sticker Collection,2026
NZL 18,Elijah Just,,,New Zealand,NZL,G,Player,Official Sticker Collection,2026
NZL 19,Callum McCowatt,,,New Zealand,NZL,G,Player,Official Sticker Collection,2026
NZL 20,Kosta Barbarouses,,,New Zealand,NZL,G,Player,Official Sticker Collection,2026
ESP 1,Emblem,,,Spain,ESP,H,Emblem,Official Sticker Collection,2026
ESP 2,Unai Simon,,,Spain,ESP,H,Player,Official Sticker Collection,2026
ESP 3,Robin Le Normand,,,Spain,ESP,H,Player,Official Sticker Collection,2026
ESP 4,Aymeric Laporte,,,Spain,ESP,H,Player,Official Sticker Collection,2026
ESP 5,Dean Huijsen,,,Spain,ESP,H,Player,Official Sticker Collection,2026
ESP 6,Pedro Porro,,,Spain,ESP,H,Player,Official Sticker Collection,2026
ESP 7,Dani Carvajal,,,Spain,ESP,H,Player,Official Sticker Collection,2026
ESP 8,Marc Cucurella,,,Spain,ESP,H,Player,Official Sticker Collection,2026
ESP 9,Martín Zubimendi,,,Spain,ESP,H,Player,Official Sticker Collection,2026
ESP 10,Rodri,,,Spain,ESP,H,Player,Official Sticker Collection,2026
ESP 11,Pedri,,,Spain,ESP,H,Player,Official Sticker Collection,2026
ESP 12,Fabian Ruiz,,,Spain,ESP,H,Player,Official Sticker Collection,2026
ESP 13,Team Photo,,,Spain,ESP,H,Team Photo,Official Sticker Collection,2026
ESP 14,Mikel Merino,,,Spain,ESP,H,Player,Official Sticker Collection,2026
ESP 15,Lamine Yamal,,,Spain,ESP,H,Player,Official Sticker Collection,2026
ESP 16,Dani Olmo,,,Spain,ESP,H,Player,Official Sticker Collection,2026
ESP 17,Nico Williams,,,Spain,ESP,H,Player,Official Sticker Collection,2026
ESP 18,Ferran Torres,,,Spain,ESP,H,Player,Official Sticker Collection,2026
ESP 19,Álvaro Morata,,,Spain,ESP,H,Player,Official Sticker Collection,2026
ESP 20,Mikel Oyarzabal,,,Spain,ESP,H,Player,Official Sticker Collection,2026
CPV 1,Emblem,,,Cape Verde,CPV,H,Emblem,Official Sticker Collection,2026
CPV 2,Vozinha,,,Cape Verde,CPV,H,Player,Official Sticker Collection,2026
CPV 3,Logan Costa,,,Cape Verde,CPV,H,Player,Official Sticker Collection,2026
CPV 4,Pico,,,Cape Verde,CPV,H,Player,Official Sticker Collection,2026
CPV 5,Diney,,,Cape Verde,CPV,H,Player,Official Sticker Collection,2026
CPV 6,Steven Moreira,,,Cape Verde,CPV,H,Player,Official Sticker Collection,2026
CPV 7,Wagner Pina,,,Cape Verde,CPV,H,Player,Official Sticker Collection,2026
CPV 8,Joao Paulo,,,Cape Verde,CPV,H,Player,Official Sticker Collection,2026
CPV 9,Yannick Semedo,,,Cape Verde,CPV,H,Player,Official Sticker Collection,2026
CPV 10,Kevin Pina,,,Cape Verde,CPV,H,Player,Official Sticker Collection,2026
CPV 11,Patrick Andrade,,,Cape Verde,CPV,H,Player,Official Sticker Collection,2026
CPV 12,Jamiro Monteiro,,,Cape Verde,CPV,H,Player,Official Sticker Collection,2026
CPV 13,Team Photo,,,Cape Verde,CPV,H,Team Photo,Official Sticker Collection,2026
CPV 14,Deroy Duarte,,,Cape Verde,CPV,H,Player,Official Sticker Collection,2026
CPV 15,Garry Rodrigues,,,Cape Verde,CPV,H,Player,Official Sticker Collection,2026
CPV 16,Jovane Cabral,,,Cape Verde,CPV,H,Player,Official Sticker Collection,2026
CPV 17,Ryan Mendes,,,Cape Verde,CPV,H,Player,Official Sticker Collection,2026
CPV 18,Dailon Livramento,,,Cape Verde,CPV,H,Player,Official Sticker Collection,2026
CPV 19,Willy Semedo,,,Cape Verde,CPV,H,Player,Official Sticker Collection,2026
CPV 20,Bebe,,,Cape Verde,CPV,H,Player,Official Sticker Collection,2026
KSA 1,Emblem,,,Saudi Arabia,KSA,H,Emblem,Official Sticker Collection,2026
KSA 2,Nawaf Alaqidi,,,Saudi Arabia,KSA,H,Player,Official Sticker Collection,2026
KSA 3,Abdulrahman Al-Sanbi,,,Saudi Arabia,KSA,H,Player,Official Sticker Collection,2026
KSA 4,Saud Abdulhamid,,,Saudi Arabia,KSA,H,Player,Official Sticker Collection,2026
KSA 5,Nawaf Bouwashl,,,Saudi Arabia,KSA,H,Player,Official Sticker Collection,2026
KSA 6,Jihad Thakri,,,Saudi Arabia,KSA,H,Player,Official Sticker Collection,2026
KSA 7,Moteb Al-Harbi,,,Saudi Arabia,KSA,H,Player,Official Sticker Collection,2026
KSA 8,Hassan Altambakti,,,Saudi Arabia,KSA,H,Player,Official Sticker Collection,2026
KSA 9,Musab Aljuwayr,,,Saudi Arabia,KSA,H,Player,Official Sticker Collection,2026
KSA 10,Ziyad Aljohani,,,Saudi Arabia,KSA,H,Player,Official Sticker Collection,2026
KSA 11,Abdullah Alkhaibari,,,Saudi Arabia,KSA,H,Player,Official Sticker Collection,2026
KSA 12,Nasser Aldawsari,,,Saudi Arabia,KSA,H,Player,Official Sticker Collection,2026
KSA 13,Team Photo,,,Saudi Arabia,KSA,H,Team Photo,Official Sticker Collection,2026
KSA 14,Saleh Abu Alshamat,,,Saudi Arabia,KSA,H,Player,Official Sticker Collection,2026
KSA 15,Marwan Alsahafi,,,Saudi Arabia,KSA,H,Player,Official Sticker Collection,2026
KSA 16,Salem Aldawsari,,,Saudi Arabia,KSA,H,Player,Official Sticker Collection,2026
KSA 17,Abdulrahman Al-Aboud,,,Saudi Arabia,KSA,H,Player,Official Sticker Collection,2026
KSA 18,Feras Akbrikan,,,Saudi Arabia,KSA,H,Player,Official Sticker Collection,2026
KSA 19,Saleh Alshehri,,,Saudi Arabia,KSA,H,Player,Official Sticker Collection,2026
KSA 20,Abdullah Al-Hamdan,,,Saudi Arabia,KSA,H,Player,Official Sticker Collection,2026
URU 1,Emblem,,,Uruguay,URU,H,Emblem,Official Sticker Collection,2026
URU 2,Sergio Rochet,,,Uruguay,URU,H,Player,Official Sticker Collection,2026
URU 3,Santiago Mele,,,Uruguay,URU,H,Player,Official Sticker Collection,2026
URU 4,Ronald Araujo,,,Uruguay,URU,H,Player,Official Sticker Collection,2026
URU 5,José María Giménez,,,Uruguay,URU,H,Player,Official Sticker Collection,2026
URU 6,Sebastian Caceres,,,Uruguay,URU,H,Player,Official Sticker Collection,2026
URU 7,Mathias Olivera,,,Uruguay,URU,H,Player,Official Sticker Collection,2026
URU 8,Guillermo Varela,,,Uruguay,URU,H,Player,Official Sticker Collection,2026
URU 9,Nahitan Nandez,,,Uruguay,URU,H,Player,Official Sticker Collection,2026
URU 10,Federico Valverde,,,Uruguay,URU,H,Player,Official Sticker Collection,2026
URU 11,Giorgian De Arrascaeta,,,Uruguay,URU,H,Player,Official Sticker Collection,2026
URU 12,Rodrigo Bentancur,,,Uruguay,URU,H,Player,Official Sticker Collection,2026
URU 13,Team Photo,,,Uruguay,URU,H,Team Photo,Official Sticker Collection,2026
URU 14,Manuel Ugarte,,,Uruguay,URU,H,Player,Official Sticker Collection,2026
URU 15,Nicolás de la Cruz,,,Uruguay,URU,H,Player,Official Sticker Collection,2026
URU 16,Maxi Araujo,,,Uruguay,URU,H,Player,Official Sticker Collection,2026
URU 17,Darwin Núñez,,,Uruguay,URU,H,Player,Official Sticker Collection,2026
URU 18,Federico Viñas,,,Uruguay,URU,H,Player,Official Sticker Collection,2026
URU 19,Rodrigo Aguirre,,,Uruguay,URU,H,Player,Official Sticker Collection,2026
URU 20,Facundo Pellistri,,,Uruguay,URU,H,Player,Official Sticker Collection,2026
FRA 1,Emblem,,,France,FRA,I,Emblem,Official Sticker Collection,2026
FRA 2,Mike Maignan,,,France,FRA,I,Player,Official Sticker Collection,2026
FRA 3,Theo Hernandez,,,France,FRA,I,Player,Official Sticker Collection,2026
FRA 4,William Saliba,,,France,FRA,I,Player,Official Sticker Collection,2026
FRA 5,Jules Kounde,,,France,FRA,I,Player,Official Sticker Collection,2026
FRA 6,Ibrahima Konate,,,France,FRA,I,Player,Official Sticker Collection,2026
FRA 7,Dayot Upamecano,,,France,FRA,I,Player,Official Sticker Collection,2026
FRA 8,Lucas Digne,,,France,FRA,I,Player,Official Sticker Collection,2026
FRA 9,Aurélien Tchouaméni,,,France,FRA,I,Player,Official Sticker Collection,2026
FRA 10,Eduardo Camavinga,,,France,FRA,I,Player,Official Sticker Collection,2026
FRA 11,Manu Kone,,,France,FRA,I,Player,Official Sticker Collection,2026
FRA 12,Adrien Rabiot,,,France,FRA,I,Player,Official Sticker Collection,2026
FRA 13,Team Photo,,,France,FRA,I,Team Photo,Official Sticker Collection,2026
FRA 14,Michael Olise,,,France,FRA,I,Player,Official Sticker Collection,2026
FRA 15,Ousmane Dembele,,,France,FRA,I,Player,Official Sticker Collection,2026
FRA 16,Bradley Barcola,,,France,FRA,I,Player,Official Sticker Collection,2026
FRA 17,Désiré Doué,,,France,FRA,I,Player,Official Sticker Collection,2026
FRA 18,Kingsley Coman,,,France,FRA,I,Player,Official Sticker Collection,2026
FRA 19,Hugo Ekitike,,,France,FRA,I,Player,Official Sticker Collection,2026
FRA 20,Kylian Mbappe,,,France,FRA,I,Player,Official Sticker Collection,2026
SEN 1,Emblem,,,Senegal,SEN,I,Emblem,Official Sticker Collection,2026
SEN 2,Édouard Mendy,,,Senegal,SEN,I,Player,Official Sticker Collection,2026
SEN 3,Yehvann Diouf,,,Senegal,SEN,I,Player,Official Sticker Collection,2026
SEN 4,Moussa Niakhaté,,,Senegal,SEN,I,Player,Official Sticker Collection,2026
SEN 5,Abdoulaye Seck,,,Senegal,SEN,I,Player,Official Sticker Collection,2026
SEN 6,Ismail Jakobs,,,Senegal,SEN,I,Player,Official Sticker Collection,2026
SEN 7,El Hadji Malick Diouf,,,Senegal,SEN,I,Player,Official Sticker Collection,2026
SEN 8,Kalidou Koulibaly,,,Senegal,SEN,I,Player,Official Sticker Collection,2026
SEN 9,Idrissa Gana Gueye,,,Senegal,SEN,I,Player,Official Sticker Collection,2026
SEN 10,Pape Matar Sarr,,,Senegal,SEN,I,Player,Official Sticker Collection,2026
SEN 11,Pape Gueye,,,Senegal,SEN,I,Player,Official Sticker Collection,2026
SEN 12,Habib Diarra,,,Senegal,SEN,I,Player,Official Sticker Collection,2026
SEN 13,Team Photo,,,Senegal,SEN,I,Team Photo,Official Sticker Collection,2026
SEN 14,Lamine Camara,,,Senegal,SEN,I,Player,Official Sticker Collection,2026
SEN 15,Sadio Mane,,,Senegal,SEN,I,Player,Official Sticker Collection,2026
SEN 16,Ismaïla Sarr,,,Senegal,SEN,I,Player,Official Sticker Collection,2026
SEN 17,Boulaye Dia,,,Senegal,SEN,I,Player,Official Sticker Collection,2026
SEN 18,Iliman Ndiaye,,,Senegal,SEN,I,Player,Official Sticker Collection,2026
SEN 19,Nicolas Jackson,,,Senegal,SEN,I,Player,Official Sticker Collection,2026
SEN 20,Krepin Diatta,,,Senegal,SEN,I,Player,Official Sticker Collection,2026
IRQ 1,Emblem,,,Iraq,IRQ,I,Emblem,Official Sticker Collection,2026
IRQ 2,Jalal Hassan,,,Iraq,IRQ,I,Player,Official Sticker Collection,2026
IRQ 3,Rebin Sulaka,,,Iraq,IRQ,I,Player,Official Sticker Collection,2026
IRQ 4,Hussein Ali,,,Iraq,IRQ,I,Player,Official Sticker Collection,2026
IRQ 5,Akam Hashem,,,Iraq,IRQ,I,Player,Official Sticker Collection,2026
IRQ 6,Merchas Doski,,,Iraq,IRQ,I,Player,Official Sticker Collection,2026
IRQ 7,Zaid Tahseen,,,Iraq,IRQ,I,Player,Official Sticker Collection,2026
IRQ 8,Manaf Younis,,,Iraq,IRQ,I,Player,Official Sticker Collection,2026
IRQ 9,Zidane Iqbal,,,Iraq,IRQ,I,Player,Official Sticker Collection,2026
IRQ 10,Amir Al-Ammari,,,Iraq,IRQ,I,Player,Official Sticker Collection,2026
IRQ 11,Ibrahim Bavesh,,,Iraq,IRQ,I,Player,Official Sticker Collection,2026
IRQ 12,Ali Jasim,,,Iraq,IRQ,I,Player,Official Sticker Collection,2026
IRQ 13,Team Photo,,,Iraq,IRQ,I,Team Photo,Official Sticker Collection,2026
IRQ 14,Youssef Amyn,,,Iraq,IRQ,I,Player,Official Sticker Collection,2026
IRQ 15,Aimar Sher,,,Iraq,IRQ,I,Player,Official Sticker Collection,2026
IRQ 16,Marko Farji,,,Iraq,IRQ,I,Player,Official Sticker Collection,2026
IRQ 17,Osama Rashid,,,Iraq,IRQ,I,Player,Official Sticker Collection,2026
IRQ 18,Ali Al-Hamadi,,,Iraq,IRQ,I,Player,Official Sticker Collection,2026
IRQ 19,Aymen Hussein,,,Iraq,IRQ,I,Player,Official Sticker Collection,2026
IRQ 20,Mohanad Ali,,,Iraq,IRQ,I,Player,Official Sticker Collection,2026
NOR 1,Emblem,,,Norway,NOR,I,Emblem,Official Sticker Collection,2026
NOR 2,Orjan Nyland,,,Norway,NOR,I,Player,Official Sticker Collection,2026
NOR 3,Julian Ryerson,,,Norway,NOR,I,Player,Official Sticker Collection,2026
NOR 4,Leo Ostigård,,,Norway,NOR,I,Player,Official Sticker Collection,2026
NOR 5,Kristoffer Vassbakk Ajer,,,Norway,NOR,I,Player,Official Sticker Collection,2026
NOR 6,M. Holmgren Pedersen,,,Norway,NOR,I,Player,Official Sticker Collection,2026
NOR 7,David Møller Wolfe,,,Norway,NOR,I,Player,Official Sticker Collection,2026
NOR 8,Torbjørn Heggem,,,Norway,NOR,I,Player,Official Sticker Collection,2026
NOR 9,Morten Thorsby,,,Norway,NOR,I,Player,Official Sticker Collection,2026
NOR 10,Martin Ødegaard,,,Norway,NOR,I,Player,Official Sticker Collection,2026
NOR 11,Sander Berge,,,Norway,NOR,I,Player,Official Sticker Collection,2026
NOR 12,Andreas Schjelderup,,,Norway,NOR,I,Player,Official Sticker Collection,2026
NOR 13,Team Photo,,,Norway,NOR,I,Team Photo,Official Sticker Collection,2026
NOR 14,Patrick Berg,,,Norway,NOR,I,Player,Official Sticker Collection,2026
NOR 15,Erling Haaland,,,Norway,NOR,I,Player,Official Sticker Collection,2026
NOR 16,Alexander Sørloth,,,Norway,NOR,I,Player,Official Sticker Collection,2026
NOR 17,Aron Dønnum,,,Norway,NOR,I,Player,Official Sticker Collection,2026
NOR 18,Jorgen Strand Larsen,,,Norway,NOR,I,Player,Official Sticker Collection,2026
NOR 19,Antonio Nusa,,,Norway,NOR,I,Player,Official Sticker Collection,2026
NOR 20,Oscar Bobb,,,Norway,NOR,I,Player,Official Sticker Collection,2026
ARG 1,Emblem,,,Argentina,ARG,J,Emblem,Official Sticker Collection,2026
ARG 2,Emiliano Martinez,,,Argentina,ARG,J,Player,Official Sticker Collection,2026
ARG 3,Nahuel Molina,,,Argentina,ARG,J,Player,Official Sticker Collection,2026
ARG 4,Cristian Romero,,,Argentina,ARG,J,Player,Official Sticker Collection,2026
ARG 5,Nicolas Otamendi,,,Argentina,ARG,J,Player,Official Sticker Collection,2026
ARG 6,Nicolas Tagliafico,,,Argentina,ARG,J,Player,Official Sticker Collection,2026
ARG 7,Leonardo Balerdi,,,Argentina,ARG,J,Player,Official Sticker Collection,2026
ARG 8,Enzo Fernandez,,,Argentina,ARG,J,Player,Official Sticker Collection,2026
ARG 9,Alexis Mac Allister,,,Argentina,ARG,J,Player,Official Sticker Collection,2026
ARG 10,Rodrigo De Paul,,,Argentina,ARG,J,Player,Official Sticker Collection,2026
ARG 11,Exequiel Palacios,,,Argentina,ARG,J,Player,Official Sticker Collection,2026
ARG 12,Leandro Paredes,,,Argentina,ARG,J,Player,Official Sticker Collection,2026
ARG 13,Team Photo,,,Argentina,ARG,J,Team Photo,Official Sticker Collection,2026
ARG 14,Nico Paz,,,Argentina,ARG,J,Player,Official Sticker Collection,2026
ARG 15,Franco Mastantuono,,,Argentina,ARG,J,Player,Official Sticker Collection,2026
ARG 16,Nico Gonzalez,,,Argentina,ARG,J,Player,Official Sticker Collection,2026
ARG 17,Lionel Messi,,,Argentina,ARG,J,Player,Official Sticker Collection,2026
ARG 18,Lautaro Martinez,,,Argentina,ARG,J,Player,Official Sticker Collection,2026
ARG 19,Julian Alvarez,,,Argentina,ARG,J,Player,Official Sticker Collection,2026
ARG 20,Giuliano Simeone,,,Argentina,ARG,J,Player,Official Sticker Collection,2026
ALG 1,Emblem,,,Algeria,ALG,J,Emblem,Official Sticker Collection,2026
ALG 2,Alexis Guendouz,,,Algeria,ALG,J,Player,Official Sticker Collection,2026
ALG 3,Ramy Bensebaini,,,Algeria,ALG,J,Player,Official Sticker Collection,2026
ALG 4,Youcef Atal,,,Algeria,ALG,J,Player,Official Sticker Collection,2026
ALG 5,Rayan Aït-Nouri,,,Algeria,ALG,J,Player,Official Sticker Collection,2026
ALG 6,Mohamed Amine Tougai,,,Algeria,ALG,J,Player,Official Sticker Collection,2026
ALG 7,Aïssa Mandi,,,Algeria,ALG,J,Player,Official Sticker Collection,2026
ALG 8,Ismael Bennacer,,,Algeria,ALG,J,Player,Official Sticker Collection,2026
ALG 9,Houssem Aouar,,,Algeria,ALG,J,Player,Official Sticker Collection,2026
ALG 10,Hicham Boudaoui,,,Algeria,ALG,J,Player,Official Sticker Collection,2026
ALG 11,Ramiz Zerrouki,,,Algeria,ALG,J,Player,Official Sticker Collection,2026
ALG 12,Nabil Bentaleb,,,Algeria,ALG,J,Player,Official Sticker Collection,2026
ALG 13,Team Photo,,,Algeria,ALG,J,Team Photo,Official Sticker Collection,2026
ALG 14,Farés Chaibi,,,Algeria,ALG,J,Player,Official Sticker Collection,2026
ALG 15,Riyad Mahrez,,,Algeria,ALG,J,Player,Official Sticker Collection,2026
ALG 16,Said Benrahma,,,Algeria,ALG,J,Player,Official Sticker Collection,2026
ALG 17,Anis Hadj Moussa,,,Algeria,ALG,J,Player,Official Sticker Collection,2026
ALG 18,Amine Gouiri,,,Algeria,ALG,J,Player,Official Sticker Collection,2026
ALG 19,Baghdad Bounedjah,,,Algeria,ALG,J,Player,Official Sticker Collection,2026
ALG 20,Mohammed Amoura,,,Algeria,ALG,J,Player,Official Sticker Collection,2026
AUT 1,Emblem,,,Austria,AUT,J,Emblem,Official Sticker Collection,2026
AUT 2,Alexander Schlager,,,Austria,AUT,J,Player,Official Sticker Collection,2026
AUT 3,Patrick Pentz,,,Austria,AUT,J,Player,Official Sticker Collection,2026
AUT 4,David Alaba,,,Austria,AUT,J,Player,Official Sticker Collection,2026
AUT 5,Kevin Danso,,,Austria,AUT,J,Player,Official Sticker Collection,2026
AUT 6,Philipp Lienhart,,,Austria,AUT,J,Player,Official Sticker Collection,2026
AUT 7,Stefan Posch,,,Austria,AUT,J,Player,Official Sticker Collection,2026
AUT 8,Phillipp Mwene,,,Austria,AUT,J,Player,Official Sticker Collection,2026
AUT 9,Alexander Prass,,,Austria,AUT,J,Player,Official Sticker Collection,2026
AUT 10,Xaver Schlager,,,Austria,AUT,J,Player,Official Sticker Collection,2026
AUT 11,Marcel Sabitzer,,,Austria,AUT,J,Player,Official Sticker Collection,2026
AUT 12,Konrad Laimer,,,Austria,AUT,J,Player,Official Sticker Collection,2026
AUT 13,Team Photo,,,Austria,AUT,J,Team Photo,Official Sticker Collection,2026
AUT 14,Florian Grillitsch,,,Austria,AUT,J,Player,Official Sticker Collection,2026
AUT 15,Nicolas Seiwald,,,Austria,AUT,J,Player,Official Sticker Collection,2026
AUT 16,Romano Schmid,,,Austria,AUT,J,Player,Official Sticker Collection,2026
AUT 17,Patrick Wimmer,,,Austria,AUT,J,Player,Official Sticker Collection,2026
AUT 18,Christoph Baumgartner,,,Austria,AUT,J,Player,Official Sticker Collection,2026
AUT 19,Michael Gregoritsch,,,Austria,AUT,J,Player,Official Sticker Collection,2026
AUT 20,Marko Arnautović,,,Austria,AUT,J,Player,Official Sticker Collection,2026
JOR 1,Emblem,,,Jordan,JOR,J,Emblem,Official Sticker Collection,2026
JOR 2,Yazeed Abulaila,,,Jordan,JOR,J,Player,Official Sticker Collection,2026
JOR 3,Ihsan Haddad,,,Jordan,JOR,J,Player,Official Sticker Collection,2026
JOR 4,Mohammad Abu Hashish,,,Jordan,JOR,J,Player,Official Sticker Collection,2026
JOR 5,Yazan Al-Arab,,,Jordan,JOR,J,Player,Official Sticker Collection,2026
JOR 6,Abdallah Nasib,,,Jordan,JOR,J,Player,Official Sticker Collection,2026
JOR 7,Saleem Obaid,,,Jordan,JOR,J,Player,Official Sticker Collection,2026
JOR 8,Mohammad Abualnadi,,,Jordan,JOR,J,Player,Official Sticker Collection,2026
JOR 9,Ibrahim Saadeh,,,Jordan,JOR,J,Player,Official Sticker Collection,2026
JOR 10,Nizar Al-Rashdan,,,Jordan,JOR,J,Player,Official Sticker Collection,2026
JOR 11,Noor Al-Rawabdeh,,,Jordan,JOR,J,Player,Official Sticker Collection,2026
JOR 12,Mohannad Abu Taha,,,Jordan,JOR,J,Player,Official Sticker Collection,2026
JOR 13,Team Photo,,,Jordan,JOR,J,Team Photo,Official Sticker Collection,2026
JOR 14,Amer Jamous,,,Jordan,JOR,J,Player,Official Sticker Collection,2026
JOR 15,Musa Al-Taamari,,,Jordan,JOR,J,Player,Official Sticker Collection,2026
JOR 16,Yazan Al-Naimat,,,Jordan,JOR,J,Player,Official Sticker Collection,2026
JOR 17,Mahmoud Al-Mardi,,,Jordan,JOR,J,Player,Official Sticker Collection,2026
JOR 18,Ali Olwan,,,Jordan,JOR,J,Player,Official Sticker Collection,2026
JOR 19,Mohammad Abu Zrayq,,,Jordan,JOR,J,Player,Official Sticker Collection,2026
JOR 20,Ibrahim Sabra,,,Jordan,JOR,J,Player,Official Sticker Collection,2026
POR 1,Emblem,,,Portugal,POR,K,Emblem,Official Sticker Collection,2026
POR 2,Diogo Costa,,,Portugal,POR,K,Player,Official Sticker Collection,2026
POR 3,José Sá,,,Portugal,POR,K,Player,Official Sticker Collection,2026
POR 4,Ruben Dias,,,Portugal,POR,K,Player,Official Sticker Collection,2026
POR 5,João Cancelo,,,Portugal,POR,K,Player,Official Sticker Collection,2026
POR 6,Diogo Dalot,,,Portugal,POR,K,Player,Official Sticker Collection,2026
POR 7,Nuno Mendes,,,Portugal,POR,K,Player,Official Sticker Collection,2026
POR 8,Gonçalo Inácio,,,Portugal,POR,K,Player,Official Sticker Collection,2026
POR 9,Bernardo Silva,,,Portugal,POR,K,Player,Official Sticker Collection,2026
POR 10,Bruno Fernandes,,,Portugal,POR,K,Player,Official Sticker Collection,2026
POR 11,Ruben Neves,,,Portugal,POR,K,Player,Official Sticker Collection,2026
POR 12,Vitinha,,,Portugal,POR,K,Player,Official Sticker Collection,2026
POR 13,Team Photo,,,Portugal,POR,K,Team Photo,Official Sticker Collection,2026
POR 14,João Neves,,,Portugal,POR,K,Player,Official Sticker Collection,2026
POR 15,Cristiano Ronaldo,,,Portugal,POR,K,Player,Official Sticker Collection,2026
POR 16,Francisco Trincao,,,Portugal,POR,K,Player,Official Sticker Collection,2026
POR 17,João Felix,,,Portugal,POR,K,Player,Official Sticker Collection,2026
POR 18,Gonçalo Ramos,,,Portugal,POR,K,Player,Official Sticker Collection,2026
POR 19,Pedro Neto,,,Portugal,POR,K,Player,Official Sticker Collection,2026
POR 20,Rafael Leão,,,Portugal,POR,K,Player,Official Sticker Collection,2026
COD 1,Emblem,,,Congo DR,COD,K,Emblem,Official Sticker Collection,2026
COD 2,Lionel Mpasi-Nzau,,,Congo DR,COD,K,Player,Official Sticker Collection,2026
COD 3,Aaron Wan-Bissaka,,,Congo DR,COD,K,Player,Official Sticker Collection,2026
COD 4,Axel Tuanzebe,,,Congo DR,COD,K,Player,Official Sticker Collection,2026
COD 5,Arthur Masuaku,,,Congo DR,COD,K,Player,Official Sticker Collection,2026
COD 6,Chancel Mbemba,,,Congo DR,COD,K,Player,Official Sticker Collection,2026
COD 7,Joris Kayembe,,,Congo DR,COD,K,Player,Official Sticker Collection,2026
COD 8,Charles Pickel,,,Congo DR,COD,K,Player,Official Sticker Collection,2026
COD 9,Ngal'ayel Mukau,,,Congo DR,COD,K,Player,Official Sticker Collection,2026
COD 10,Edo Kayembe,,,Congo DR,COD,K,Player,Official Sticker Collection,2026
COD 11,Samuel Moutoussamy,,,Congo DR,COD,K,Player,Official Sticker Collection,2026
COD 12,Noah Sadiki,,,Congo DR,COD,K,Player,Official Sticker Collection,2026
COD 13,Team Photo,,,Congo DR,COD,K,Team Photo,Official Sticker Collection,2026
COD 14,Théo Bongonda,,,Congo DR,COD,K,Player,Official Sticker Collection,2026
COD 15,Meschak Elia,,,Congo DR,COD,K,Player,Official Sticker Collection,2026
COD 16,Yoane Wissa,,,Congo DR,COD,K,Player,Official Sticker Collection,2026
COD 17,Brian Cipenga,,,Congo DR,COD,K,Player,Official Sticker Collection,2026
COD 18,Fiston Mayele,,,Congo DR,COD,K,Player,Official Sticker Collection,2026
COD 19,Cédric Bakambu,,,Congo DR,COD,K,Player,Official Sticker Collection,2026
COD 20,Nathanaël Mbuku,,,Congo DR,COD,K,Player,Official Sticker Collection,2026
UZB 1,Emblem,,,Uzbekistan,UZB,K,Emblem,Official Sticker Collection,2026
UZB 2,Utkir Yusupov,,,Uzbekistan,UZB,K,Player,Official Sticker Collection,2026
UZB 3,Farrukh Savfiev,,,Uzbekistan,UZB,K,Player,Official Sticker Collection,2026
UZB 4,Sherzod Nasrullaev,,,Uzbekistan,UZB,K,Player,Official Sticker Collection,2026
UZB 5,Umar Eshmurodov,,,Uzbekistan,UZB,K,Player,Official Sticker Collection,2026
UZB 6,Husniddin Aliqulov,,,Uzbekistan,UZB,K,Player,Official Sticker Collection,2026
UZB 7,Rustamjon Ashurmatov,,,Uzbekistan,UZB,K,Player,Official Sticker Collection,2026
UZB 8,Khojiakbar Alijonov,,,Uzbekistan,UZB,K,Player,Official Sticker Collection,2026
UZB 9,Abdukodir Khusanov,,,Uzbekistan,UZB,K,Player,Official Sticker Collection,2026
UZB 10,Odiljon Hamrobekov,,,Uzbekistan,UZB,K,Player,Official Sticker Collection,2026
UZB 11,Otabek Shukurov,,,Uzbekistan,UZB,K,Player,Official Sticker Collection,2026
UZB 12,Jamshid Iskanderov,,,Uzbekistan,UZB,K,Player,Official Sticker Collection,2026
UZB 13,Team Photo,,,Uzbekistan,UZB,K,Team Photo,Official Sticker Collection,2026
UZB 14,Azizbek Turgunboev,,,Uzbekistan,UZB,K,Player,Official Sticker Collection,2026
UZB 15,Khojimat Erkinov,,,Uzbekistan,UZB,K,Player,Official Sticker Collection,2026
UZB 16,Eldor Shomurodov,,,Uzbekistan,UZB,K,Player,Official Sticker Collection,2026
UZB 17,Oston Urunov,,,Uzbekistan,UZB,K,Player,Official Sticker Collection,2026
UZB 18,Jaloliddin Masharipov,,,Uzbekistan,UZB,K,Player,Official Sticker Collection,2026
UZB 19,Igor Sergeev,,,Uzbekistan,UZB,K,Player,Official Sticker Collection,2026
UZB 20,Abbosbek Fayzullaev,,,Uzbekistan,UZB,K,Player,Official Sticker Collection,2026
COL 1,Emblem,,,Colombia,COL,K,Emblem,Official Sticker Collection,2026
COL 2,Camilo Vargas,,,Colombia,COL,K,Player,Official Sticker Collection,2026
COL 3,David Ospina,,,Colombia,COL,K,Player,Official Sticker Collection,2026
COL 4,Dávinson Sánchez,,,Colombia,COL,K,Player,Official Sticker Collection,2026
COL 5,Yerry Mina,,,Colombia,COL,K,Player,Official Sticker Collection,2026
COL 6,Daniel Munoz,,,Colombia,COL,K,Player,Official Sticker Collection,2026
COL 7,Johan Mojica,,,Colombia,COL,K,Player,Official Sticker Collection,2026
COL 8,Jhon Lucumí,,,Colombia,COL,K,Player,Official Sticker Collection,2026
COL 9,Santiago Arias,,,Colombia,COL,K,Player,Official Sticker Collection,2026
COL 10,Jefferson Lerma,,,Colombia,COL,K,Player,Official Sticker Collection,2026
COL 11,Kevin Castaño,,,Colombia,COL,K,Player,Official Sticker Collection,2026
COL 12,Richard Rios,,,Colombia,COL,K,Player,Official Sticker Collection,2026
COL 13,Team Photo,,,Colombia,COL,K,Team Photo,Official Sticker Collection,2026
COL 14,James Rodriguez,,,Colombia,COL,K,Player,Official Sticker Collection,2026
COL 15,Juan Fernando Quintero,,,Colombia,COL,K,Player,Official Sticker Collection,2026
COL 16,Jorge Carrascal,,,Colombia,COL,K,Player,Official Sticker Collection,2026
COL 17,Jhon Arias,,,Colombia,COL,K,Player,Official Sticker Collection,2026
COL 18,Jhon Cordova,,,Colombia,COL,K,Player,Official Sticker Collection,2026
COL 19,Luis Suarez,,,Colombia,COL,K,Player,Official Sticker Collection,2026
COL 20,Luis Diaz,,,Colombia,COL,K,Player,Official Sticker Collection,2026
ENG 1,Emblem,,,England,ENG,L,Emblem,Official Sticker Collection,2026
ENG 2,Jordan Pickford,,,England,ENG,L,Player,Official Sticker Collection,2026
ENG 3,John Stones,,,England,ENG,L,Player,Official Sticker Collection,2026
ENG 4,Marc Guéhi,,,England,ENG,L,Player,Official Sticker Collection,2026
ENG 5,Ezri Konsa,,,England,ENG,L,Player,Official Sticker Collection,2026
ENG 6,Trent Alexander-Arnold,,,England,ENG,L,Player,Official Sticker Collection,2026
ENG 7,Reece James,,,England,ENG,L,Player,Official Sticker Collection,2026
ENG 8,Dan Burn,,,England,ENG,L,Player,Official Sticker Collection,2026
ENG 9,Jordan Henderson,,,England,ENG,L,Player,Official Sticker Collection,2026
ENG 10,Declan Rice,,,England,ENG,L,Player,Official Sticker Collection,2026
ENG 11,Jude Bellingham,,,England,ENG,L,Player,Official Sticker Collection,2026
ENG 12,Cole Palmer,,,England,ENG,L,Player,Official Sticker Collection,2026
ENG 13,Team Photo,,,England,ENG,L,Team Photo,Official Sticker Collection,2026
ENG 14,Morgan Rogers,,,England,ENG,L,Player,Official Sticker Collection,2026
ENG 15,Anthony Gordon,,,England,ENG,L,Player,Official Sticker Collection,2026
ENG 16,Phil Foden,,,England,ENG,L,Player,Official Sticker Collection,2026
ENG 17,Bukayo Saka,,,England,ENG,L,Player,Official Sticker Collection,2026
ENG 18,Harry Kane,,,England,ENG,L,Player,Official Sticker Collection,2026
ENG 19,Marcus Rashford,,,England,ENG,L,Player,Official Sticker Collection,2026
ENG 20,Ollie Watkins,,,England,ENG,L,Player,Official Sticker Collection,2026
CRO 1,Emblem,,,Croatia,CRO,L,Emblem,Official Sticker Collection,2026
CRO 2,Dominik Livaković,,,Croatia,CRO,L,Player,Official Sticker Collection,2026
CRO 3,Duje Caleta-Car,,,Croatia,CRO,L,Player,Official Sticker Collection,2026
CRO 4,Josko Gvardiol,,,Croatia,CRO,L,Player,Official Sticker Collection,2026
CRO 5,Josip Stanišić,,,Croatia,CRO,L,Player,Official Sticker Collection,2026
CRO 6,Luka Vušković,,,Croatia,CRO,L,Player,Official Sticker Collection,2026
CRO 7,Josip Sutalo,,,Croatia,CRO,L,Player,Official Sticker Collection,2026
CRO 8,Kristijan Jakic,,,Croatia,CRO,L,Player,Official Sticker Collection,2026
CRO 9,Luka Modrić,,,Croatia,CRO,L,Player,Official Sticker Collection,2026
CRO 10,Mateo Kovacic,,,Croatia,CRO,L,Player,Official Sticker Collection,2026
CRO 11,Martin Baturina,,,Croatia,CRO,L,Player,Official Sticker Collection,2026
CRO 12,Lovro Majer,,,Croatia,CRO,L,Player,Official Sticker Collection,2026
CRO 13,Team Photo,,,Croatia,CRO,L,Team Photo,Official Sticker Collection,2026
CRO 14,Mario Pasalic,,,Croatia,CRO,L,Player,Official Sticker Collection,2026
CRO 15,Petar Sucic,,,Croatia,CRO,L,Player,Official Sticker Collection,2026
CRO 16,Ivan Perišić,,,Croatia,CRO,L,Player,Official Sticker Collection,2026
CRO 17,Marco Pasalic,,,Croatia,CRO,L,Player,Official Sticker Collection,2026
CRO 18,Ante Budimir,,,Croatia,CRO,L,Player,Official Sticker Collection,2026
CRO 19,Andrej Kramarić,,,Croatia,CRO,L,Player,Official Sticker Collection,2026
CRO 20,Franjo Ivanovic,,,Croatia,CRO,L,Player,Official Sticker Collection,2026
GHA 1,Emblem,,,Ghana,GHA,L,Emblem,Official Sticker Collection,2026
GHA 2,Lawrence Ati Zigi,,,Ghana,GHA,L,Player,Official Sticker Collection,2026
GHA 3,Tariq Lamptey,,,Ghana,GHA,L,Player,Official Sticker Collection,2026
GHA 4,Mohammed Salisu,,,Ghana,GHA,L,Player,Official Sticker Collection,2026
GHA 5,Alidu Seidu,,,Ghana,GHA,L,Player,Official Sticker Collection,2026
GHA 6,Alexander Djiku,,,Ghana,GHA,L,Player,Official Sticker Collection,2026
GHA 7,Gideon Mensah,,,Ghana,GHA,L,Player,Official Sticker Collection,2026
GHA 8,Caleb Yirenkyi,,,Ghana,GHA,L,Player,Official Sticker Collection,2026
GHA 9,Abdul Issahaku Fatawu,,,Ghana,GHA,L,Player,Official Sticker Collection,2026
GHA 10,Thomas Partey,,,Ghana,GHA,L,Player,Official Sticker Collection,2026
GHA 11,Salis Abdul Samed,,,Ghana,GHA,L,Player,Official Sticker Collection,2026
GHA 12,Kamaldeen Sulemana,,,Ghana,GHA,L,Player,Official Sticker Collection,2026
GHA 13,Team Photo,,,Ghana,GHA,L,Team Photo,Official Sticker Collection,2026
GHA 14,Mohammed Kudus,,,Ghana,GHA,L,Player,Official Sticker Collection,2026
GHA 15,Inaki Williams,,,Ghana,GHA,L,Player,Official Sticker Collection,2026
GHA 16,Jordan Ayew,,,Ghana,GHA,L,Player,Official Sticker Collection,2026
GHA 17,André Ayew,,,Ghana,GHA,L,Player,Official Sticker Collection,2026
GHA 18,Joseph Paintsil,,,Ghana,GHA,L,Player,Official Sticker Collection,2026
GHA 19,Osman Bukari,,,Ghana,GHA,L,Player,Official Sticker Collection,2026
GHA 20,Antoine Semenyo,,,Ghana,GHA,L,Player,Official Sticker Collection,2026
PAN 1,Emblem,,,Panama,PAN,L,Emblem,Official Sticker Collection,2026
PAN 2,Orlando Mosquera,,,Panama,PAN,L,Player,Official Sticker Collection,2026
PAN 3,Luis Mejia,,,Panama,PAN,L,Player,Official Sticker Collection,2026
PAN 4,Fidel Escobar,,,Panama,PAN,L,Player,Official Sticker Collection,2026
PAN 5,Andres Andrade,,,Panama,PAN,L,Player,Official Sticker Collection,2026
PAN 6,Michael Amir Murillo,,,Panama,PAN,L,Player,Official Sticker Collection,2026
PAN 7,Eric Davis,,,Panama,PAN,L,Player,Official Sticker Collection,2026
PAN 8,Jose Cordoba,,,Panama,PAN,L,Player,Official Sticker Collection,2026
PAN 9,Cesar Blackman,,,Panama,PAN,L,Player,Official Sticker Collection,2026
PAN 10,Cristian Martinez,,,Panama,PAN,L,Player,Official Sticker Collection,2026
PAN 11,Aníbal Godoy,,,Panama,PAN,L,Player,Official Sticker Collection,2026
PAN 12,Adalberto Carrasquilla,,,Panama,PAN,L,Player,Official Sticker Collection,2026
PAN 13,Team Photo,,,Panama,PAN,L,Team Photo,Official Sticker Collection,2026
PAN 14,Édgar Bárcenas,,,Panama,PAN,L,Player,Official Sticker Collection,2026
PAN 15,Carlos Harvey,,,Panama,PAN,L,Player,Official Sticker Collection,2026
PAN 16,Ismael Díaz,,,Panama,PAN,L,Player,Official Sticker Collection,2026
PAN 17,Jose Fajardo,,,Panama,PAN,L,Player,Official Sticker Collection,2026
PAN 18,Cecilio Waterman,,,Panama,PAN,L,Player,Official Sticker Collection,2026
PAN 19,Jose Luiz Rodriguez,,,Panama,PAN,L,Player,Official Sticker Collection,2026
PAN 20,Alberto Quintero,,,Panama,PAN,L,Player,Official Sticker Collection,2026
FWC 9,Italy 1934,,,,FWC,,Special,Official Sticker Collection,2026
FWC 10,Uruguay 1950,,,,FWC,,Special,Official Sticker Collection,2026
FWC 11,West Germany 1954,,,,FWC,,Special,Official Sticker Collection,2026
FWC 12,Brazil 1962,,,,FWC,,Special,Official Sticker Collection,2026
FWC 13,West Germany 1974,,,,FWC,,Special,Official Sticker Collection,2026
FWC 14,Argentina 1986,,,,FWC,,Special,Official Sticker Collection,2026
FWC 15,Brazil 1994,,,,FWC,,Special,Official Sticker Collection,2026
FWC 16,Brazil 2002,,,,FWC,,Special,Official Sticker Collection,2026
FWC 17,Italy 2006,,,,FWC,,Special,Official Sticker Collection,2026
FWC 18,Germany 2014,,,,FWC,,Special,Official Sticker Collection,2026
FWC 19,Argentina 2022,,,,FWC,,Special,Official Sticker Collection,2026
